C/A,Unit,SCP,Station,Line Name,Division,Date,Time,Description,Entries,Exits                                                     
A033,R170,02-00-00,14 ST-UNION SQ,LNQR456W,BMT,12/28/2018,00:00:00,REGULAR,2056268,5177036
A033,R170,02-06-01,14 ST-UNION SQ,LNQR456W,BMT,12/28/2018,00:00:00,REGULAR,70294362,20274025
A033,R170,02-00-02,14 ST-UNION SQ,LNQR456W,BMT,12/28/2018,00:00:00,REGULAR,14197229,13704110
A033,R170,02-00-01,14 ST-UNION SQ,LNQR456W,BMT,12/28/2018,00:00:00,REGULAR,1806541,2182381
A033,R170,02-00-05,14 ST-UNION SQ,LNQR456W,BMT,12/28/2018,00:00:00,REGULAR,15598097,6250334
A033,R170,02-00-03,14 ST-UNION SQ,LNQR456W,BMT,12/28/2018,00:00:00,REGULAR,6069026,7074661
A033,R170,02-00-04,14 ST-UNION SQ,LNQR456W,BMT,12/28/2018,00:00:00,REGULAR,4927946,3748371
A033,R170,02-00-01,14 ST-UNION SQ,LNQR456W,BMT,12/28/2018,00:00:00,REGULAR,1806541,2182381
A033,R170,02-06-00,14 ST-UNION SQ,LNQR456W,BMT,12/28/2018,00:00:00,REGULAR,694109,207786
A033,R170,02-06-01,14 ST-UNION SQ,LNQR456W,BMT,12/28/2018,00:00:00,REGULAR,70294362,20274025
A033,R170,02-00-00,14 ST-UNION SQ,LNQR456W,BMT,12/28/2018,00:00:00,REGULAR,2056268,5177036
A033,R170,02-00-04,14 ST-UNION SQ,LNQR456W,BMT,12/28/2018,00:00:00,REGULAR,4927946,3748371
A033,R170,02-00-03,14 ST-UNION SQ,LNQR456W,BMT,12/28/2018,00:00:00,REGULAR,6069026,7074661
A033,R170,02-06-00,14 ST-UNION SQ,LNQR456W,BMT,12/28/2018,00:00:00,REGULAR,694109,207786
A033,R170,02-00-02,14 ST-UNION SQ,LNQR456W,BMT,12/28/2018,00:00:00,REGULAR,14197229,13704110
A033,R170,02-00-05,14 ST-UNION SQ,LNQR456W,BMT,12/28/2018,00:00:00,REGULAR,15598097,6250334
A034,R170,03-00-00,14 ST-UNION SQ,LNQR456W,BMT,12/28/2018,00:00:00,REGULAR,1923632,14843362
A034,R170,03-00-02,14 ST-UNION SQ,LNQR456W,BMT,12/28/2018,00:00:00,REGULAR,3687618,2644410
A034,R170,03-00-00,14 ST-UNION SQ,LNQR456W,BMT,12/28/2018,00:00:00,REGULAR,1923632,14843362
A034,R170,03-06-00,14 ST-UNION SQ,LNQR456W,BMT,12/28/2018,00:00:00,REGULAR,68007701,17207000
A034,R170,03-00-01,14 ST-UNION SQ,LNQR456W,BMT,12/28/2018,00:00:00,REGULAR,499334,1229391
A034,R170,03-06-00,14 ST-UNION SQ,LNQR456W,BMT,12/28/2018,00:00:00,REGULAR,68007701,17207000
A034,R170,03-06-02,14 ST-UNION SQ,LNQR456W,BMT,12/28/2018,00:00:00,REGULAR,202795687,85357013
A034,R170,03-03-00,14 ST-UNION SQ,LNQR456W,BMT,12/28/2018,00:00:00,REGULAR,3298435,8319358
A034,R170,03-06-02,14 ST-UNION SQ,LNQR456W,BMT,12/28/2018,00:00:00,REGULAR,202795687,85357013
A034,R170,03-00-01,14 ST-UNION SQ,LNQR456W,BMT,12/28/2018,00:00:00,REGULAR,499334,1229391
A034,R170,03-06-01,14 ST-UNION SQ,LNQR456W,BMT,12/28/2018,00:00:00,REGULAR,3965537,2697302
A034,R170,03-00-02,14 ST-UNION SQ,LNQR456W,BMT,12/28/2018,00:00:00,REGULAR,3687618,2644410
A034,R170,03-03-01,14 ST-UNION SQ,LNQR456W,BMT,12/28/2018,00:00:00,REGULAR,5569358,3334854
A034,R170,03-03-02,14 ST-UNION SQ,LNQR456W,BMT,12/28/2018,00:00:00,REGULAR,11499477,1255112
A034,R170,03-03-02,14 ST-UNION SQ,LNQR456W,BMT,12/28/2018,00:00:00,REGULAR,11499477,1255112
A034,R170,03-03-01,14 ST-UNION SQ,LNQR456W,BMT,12/28/2018,00:00:00,REGULAR,5569358,3334854
A034,R170,03-03-00,14 ST-UNION SQ,LNQR456W,BMT,12/28/2018,00:00:00,REGULAR,3298435,8319358
A034,R170,03-06-01,14 ST-UNION SQ,LNQR456W,BMT,12/28/2018,00:00:00,REGULAR,3965537,2697302
A035,R170,00-00-00,14 ST-UNION SQ,LNQR456W,BMT,12/28/2018,00:00:00,REGULAR,104776,232039
A035,R170,00-00-03,14 ST-UNION SQ,LNQR456W,BMT,12/28/2018,00:00:00,REGULAR,3712006,3103429
A035,R170,00-00-04,14 ST-UNION SQ,LNQR456W,BMT,12/28/2018,00:00:00,REGULAR,1758328,321665
A035,R170,00-00-01,14 ST-UNION SQ,LNQR456W,BMT,12/28/2018,00:00:00,REGULAR,161699,590441
A035,R170,00-00-03,14 ST-UNION SQ,LNQR456W,BMT,12/28/2018,00:00:00,REGULAR,3712006,3103429
A035,R170,00-00-02,14 ST-UNION SQ,LNQR456W,BMT,12/28/2018,00:00:00,REGULAR,585493,1397287
A035,R170,00-00-01,14 ST-UNION SQ,LNQR456W,BMT,12/28/2018,00:00:00,REGULAR,161699,590441
A035,R170,00-00-04,14 ST-UNION SQ,LNQR456W,BMT,12/28/2018,00:00:00,REGULAR,1758328,321665
A035,R170,00-00-02,14 ST-UNION SQ,LNQR456W,BMT,12/28/2018,00:00:00,REGULAR,585493,1397287
A035,R170,00-00-00,14 ST-UNION SQ,LNQR456W,BMT,12/28/2018,00:00:00,REGULAR,104776,232039
A037,R170,05-00-03,14 ST-UNION SQ,LNQR456W,BMT,12/28/2018,00:00:00,REGULAR,24873971,4114088
A037,R170,05-00-02,14 ST-UNION SQ,LNQR456W,BMT,12/28/2018,00:00:00,REGULAR,6365570,1705149
A037,R170,05-00-00,14 ST-UNION SQ,LNQR456W,BMT,12/28/2018,00:00:00,REGULAR,2456950,1224439
A037,R170,05-00-02,14 ST-UNION SQ,LNQR456W,BMT,12/28/2018,00:00:00,REGULAR,6365570,1705149
A037,R170,05-00-03,14 ST-UNION SQ,LNQR456W,BMT,12/28/2018,00:00:00,REGULAR,24873971,4114088
A037,R170,05-00-00,14 ST-UNION SQ,LNQR456W,BMT,12/28/2018,00:00:00,REGULAR,2456950,1224439
A037,R170,05-00-01,14 ST-UNION SQ,LNQR456W,BMT,12/28/2018,00:00:00,REGULAR,4510332,2043597
A037,R170,05-00-01,14 ST-UNION SQ,LNQR456W,BMT,12/28/2018,00:00:00,REGULAR,4510332,2043597
A043,R462,00-00-01,CANAL ST,JNQRZ6W,BMT,12/28/2018,00:00:00,REGULAR,354961633,439898726
A043,R462,00-00-02,CANAL ST,JNQRZ6W,BMT,12/28/2018,00:00:00,REGULAR,13414013,12743931
A043,R462,00-03-00,CANAL ST,JNQRZ6W,BMT,12/28/2018,00:00:00,REGULAR,5194923,3602835
A043,R462,00-03-04,CANAL ST,JNQRZ6W,BMT,12/28/2018,00:00:00,REGULAR,8452398,8252333
A043,R462,00-00-00,CANAL ST,JNQRZ6W,BMT,12/28/2018,00:00:00,REGULAR,371003070,455493692
A043,R462,00-06-00,CANAL ST,JNQRZ6W,BMT,12/28/2018,00:00:00,REGULAR,654981,428792
A043,R462,00-03-03,CANAL ST,JNQRZ6W,BMT,12/28/2018,00:00:00,REGULAR,3409865,1735589
A043,R462,00-06-01,CANAL ST,JNQRZ6W,BMT,12/28/2018,00:00:00,REGULAR,3419421,1632773
A043,R462,00-00-02,CANAL ST,JNQRZ6W,BMT,12/28/2018,00:00:00,REGULAR,13414013,12743931
A043,R462,00-06-00,CANAL ST,JNQRZ6W,BMT,12/28/2018,00:00:00,REGULAR,654981,428792
A043,R462,00-06-01,CANAL ST,JNQRZ6W,BMT,12/28/2018,00:00:00,REGULAR,3419421,1632773
A043,R462,00-06-02,CANAL ST,JNQRZ6W,BMT,12/28/2018,00:00:00,REGULAR,6825565,6863701
A043,R462,00-03-01,CANAL ST,JNQRZ6W,BMT,12/28/2018,00:00:00,REGULAR,4930860,1657854
A043,R462,00-00-00,CANAL ST,JNQRZ6W,BMT,12/28/2018,00:00:00,REGULAR,371003070,455493692
A043,R462,00-00-01,CANAL ST,JNQRZ6W,BMT,12/28/2018,00:00:00,REGULAR,354961633,439898726
A043,R462,00-03-01,CANAL ST,JNQRZ6W,BMT,12/28/2018,00:00:00,REGULAR,4930860,1657854
A043,R462,00-03-04,CANAL ST,JNQRZ6W,BMT,12/28/2018,00:00:00,REGULAR,8452398,8252333
A043,R462,00-03-02,CANAL ST,JNQRZ6W,BMT,12/28/2018,00:00:00,REGULAR,4037213,1739151
A043,R462,00-03-03,CANAL ST,JNQRZ6W,BMT,12/28/2018,00:00:00,REGULAR,3409865,1735589
A043,R462,00-03-00,CANAL ST,JNQRZ6W,BMT,12/28/2018,00:00:00,REGULAR,5194923,3602835
A043,R462,00-03-02,CANAL ST,JNQRZ6W,BMT,12/28/2018,00:00:00,REGULAR,4037213,1739151
A043,R462,00-06-02,CANAL ST,JNQRZ6W,BMT,12/28/2018,00:00:00,REGULAR,6825565,6863701
A046,R463,00-06-08,CANAL ST,JNQRZ6W,BMT,12/28/2018,00:00:00,REGULAR,1521431,9889092
A046,R463,00-00-01,CANAL ST,JNQRZ6W,BMT,12/28/2018,00:00:00,REGULAR,8491107,491933
A046,R463,00-00-02,CANAL ST,JNQRZ6W,BMT,12/28/2018,00:00:00,REGULAR,9062207,495342
A046,R463,00-00-00,CANAL ST,JNQRZ6W,BMT,12/28/2018,00:00:00,REGULAR,4001458,386970
A046,R463,00-06-03,CANAL ST,JNQRZ6W,BMT,12/28/2018,00:00:00,REGULAR,50929851,4815033
A046,R463,00-05-02,CANAL ST,JNQRZ6W,BMT,12/28/2018,00:00:00,REGULAR,817,0
A046,R463,00-05-01,CANAL ST,JNQRZ6W,BMT,12/28/2018,00:00:00,REGULAR,0,1123
A046,R463,00-06-02,CANAL ST,JNQRZ6W,BMT,12/28/2018,00:00:00,REGULAR,11219311,2209458
A046,R463,00-06-06,CANAL ST,JNQRZ6W,BMT,12/28/2018,00:00:00,REGULAR,102414810,21860454
A046,R463,00-03-00,CANAL ST,JNQRZ6W,BMT,12/28/2018,00:00:00,REGULAR,9002144,7274520
A046,R463,00-06-07,CANAL ST,JNQRZ6W,BMT,12/28/2018,00:00:00,REGULAR,4623105,12870019
A046,R463,00-00-02,CANAL ST,JNQRZ6W,BMT,12/28/2018,00:00:00,REGULAR,9062207,495342
A046,R463,00-03-01,CANAL ST,JNQRZ6W,BMT,12/28/2018,00:00:00,REGULAR,12411878,13460080
A046,R463,00-05-03,CANAL ST,JNQRZ6W,BMT,12/28/2018,00:00:00,REGULAR,0,498
A046,R463,00-03-01,CANAL ST,JNQRZ6W,BMT,12/28/2018,00:00:00,REGULAR,12411878,13460080
A046,R463,00-03-00,CANAL ST,JNQRZ6W,BMT,12/28/2018,00:00:00,REGULAR,9002144,7274520
A046,R463,00-00-03,CANAL ST,JNQRZ6W,BMT,12/28/2018,00:00:00,REGULAR,5445172,464738
A046,R463,00-06-04,CANAL ST,JNQRZ6W,BMT,12/28/2018,00:00:00,REGULAR,4072096,8466002
A046,R463,00-05-00,CANAL ST,JNQRZ6W,BMT,12/28/2018,00:00:00,REGULAR,3731,0
A046,R463,00-00-01,CANAL ST,JNQRZ6W,BMT,12/28/2018,00:00:00,REGULAR,8491107,491933
A046,R463,00-05-01,CANAL ST,JNQRZ6W,BMT,12/28/2018,00:00:00,REGULAR,0,1123
A046,R463,00-06-01,CANAL ST,JNQRZ6W,BMT,12/28/2018,00:00:00,REGULAR,12279290,2165976
A046,R463,00-06-00,CANAL ST,JNQRZ6W,BMT,12/28/2018,00:00:00,REGULAR,1949482708,588118777
A046,R463,00-06-00,CANAL ST,JNQRZ6W,BMT,12/28/2018,00:00:00,REGULAR,1949482708,588118777
A046,R463,00-06-05,CANAL ST,JNQRZ6W,BMT,12/28/2018,00:00:00,REGULAR,540477,130534
A046,R463,00-06-01,CANAL ST,JNQRZ6W,BMT,12/28/2018,00:00:00,REGULAR,12279290,2165976
A046,R463,00-06-03,CANAL ST,JNQRZ6W,BMT,12/28/2018,00:00:00,REGULAR,50929851,4815033
A046,R463,00-00-00,CANAL ST,JNQRZ6W,BMT,12/28/2018,00:00:00,REGULAR,4001458,386970
A046,R463,00-06-05,CANAL ST,JNQRZ6W,BMT,12/28/2018,00:00:00,REGULAR,540477,130534
A046,R463,00-05-03,CANAL ST,JNQRZ6W,BMT,12/28/2018,00:00:00,REGULAR,0,498
A046,R463,00-05-00,CANAL ST,JNQRZ6W,BMT,12/28/2018,00:00:00,REGULAR,3731,0
A046,R463,00-06-07,CANAL ST,JNQRZ6W,BMT,12/28/2018,00:00:00,REGULAR,4623105,12870019
A046,R463,00-06-02,CANAL ST,JNQRZ6W,BMT,12/28/2018,00:00:00,REGULAR,11219311,2209458
A046,R463,00-00-03,CANAL ST,JNQRZ6W,BMT,12/28/2018,00:00:00,REGULAR,5445172,464738
A046,R463,00-06-08,CANAL ST,JNQRZ6W,BMT,12/28/2018,00:00:00,REGULAR,1521431,9889092
A046,R463,00-05-02,CANAL ST,JNQRZ6W,BMT,12/28/2018,00:00:00,REGULAR,817,0
A046,R463,00-06-04,CANAL ST,JNQRZ6W,BMT,12/28/2018,00:00:00,REGULAR,4072096,8466002
A046,R463,00-06-06,CANAL ST,JNQRZ6W,BMT,12/28/2018,00:00:00,REGULAR,102414810,21860454
A049,R088,02-00-01,CORTLANDT ST,RNW,BMT,12/28/2018,00:00:00,REGULAR,773947,591536
A049,R088,02-03-01,CORTLANDT ST,RNW,BMT,12/28/2018,00:00:00,REGULAR,868902,214730
A049,R088,02-00-03,CORTLANDT ST,RNW,BMT,12/28/2018,00:00:00,REGULAR,872225573,871564864
A049,R088,02-03-02,CORTLANDT ST,RNW,BMT,12/28/2018,00:00:00,REGULAR,918644,303739
A049,R088,02-03-00,CORTLANDT ST,RNW,BMT,12/28/2018,00:00:00,REGULAR,1232350,219704
A049,R088,02-03-03,CORTLANDT ST,RNW,BMT,12/28/2018,00:00:00,REGULAR,987943,533407
A049,R088,02-05-00,CORTLANDT ST,RNW,BMT,12/28/2018,00:00:00,REGULAR,1058666527,22872086
A049,R088,02-01-01,CORTLANDT ST,RNW,BMT,12/28/2018,00:00:00,REGULAR,20449,28892
A049,R088,02-05-00,CORTLANDT ST,RNW,BMT,12/28/2018,00:00:00,REGULAR,1058666527,22872086
A049,R088,02-01-00,CORTLANDT ST,RNW,BMT,12/28/2018,00:00:00,REGULAR,785869,1371250
A049,R088,02-05-01,CORTLANDT ST,RNW,BMT,12/28/2018,00:00:00,REGULAR,638058496,5177658
A049,R088,02-01-02,CORTLANDT ST,RNW,BMT,12/28/2018,00:00:00,REGULAR,1304540,1600383
A049,R088,02-00-02,CORTLANDT ST,RNW,BMT,12/28/2018,00:00:00,REGULAR,744968,424316
A049,R088,02-01-00,CORTLANDT ST,RNW,BMT,12/28/2018,00:00:00,REGULAR,785869,1371250
A049,R088,02-00-01,CORTLANDT ST,RNW,BMT,12/28/2018,00:00:00,REGULAR,773947,591536
A049,R088,02-00-02,CORTLANDT ST,RNW,BMT,12/28/2018,00:00:00,REGULAR,744968,424316
A049,R088,02-01-02,CORTLANDT ST,RNW,BMT,12/28/2018,00:00:00,REGULAR,1304540,1600383
A049,R088,02-03-03,CORTLANDT ST,RNW,BMT,12/28/2018,00:00:00,REGULAR,987943,533407
A049,R088,02-03-02,CORTLANDT ST,RNW,BMT,12/28/2018,00:00:00,REGULAR,918644,303739
A049,R088,02-01-01,CORTLANDT ST,RNW,BMT,12/28/2018,00:00:00,REGULAR,20449,28892
A049,R088,02-00-00,CORTLANDT ST,RNW,BMT,12/28/2018,00:00:00,REGULAR,697367,891859
A049,R088,02-05-01,CORTLANDT ST,RNW,BMT,12/28/2018,00:00:00,REGULAR,638058496,5177658
A049,R088,02-00-03,CORTLANDT ST,RNW,BMT,12/28/2018,00:00:00,REGULAR,872225573,871564864
A049,R088,02-00-00,CORTLANDT ST,RNW,BMT,12/28/2018,00:00:00,REGULAR,697367,891859
A049,R088,02-03-00,CORTLANDT ST,RNW,BMT,12/28/2018,00:00:00,REGULAR,1232350,219704
A049,R088,02-03-01,CORTLANDT ST,RNW,BMT,12/28/2018,00:00:00,REGULAR,868902,214730
A050,R088,00-00-00,CORTLANDT ST,RNW,BMT,12/28/2018,00:00:00,REGULAR,3889504,5525486
A050,R088,00-03-02,CORTLANDT ST,RNW,BMT,12/28/2018,00:00:00,REGULAR,6633051,1968555
A050,R088,00-00-00,CORTLANDT ST,RNW,BMT,12/28/2018,00:00:00,REGULAR,3889504,5525486
A050,R088,00-05-02,CORTLANDT ST,RNW,BMT,12/28/2018,00:00:00,REGULAR,1408762,1761312
A050,R088,00-02-01,CORTLANDT ST,RNW,BMT,12/28/2018,00:00:00,REGULAR,540065,129134
A050,R088,00-03-00,CORTLANDT ST,RNW,BMT,12/28/2018,00:00:00,REGULAR,99520,36463
A050,R088,00-03-03,CORTLANDT ST,RNW,BMT,12/28/2018,00:00:00,REGULAR,1460369,919077
A050,R088,00-03-03,CORTLANDT ST,RNW,BMT,12/28/2018,00:00:00,REGULAR,1460369,919077
A050,R088,00-02-01,CORTLANDT ST,RNW,BMT,12/28/2018,00:00:00,REGULAR,540065,129134
A050,R088,00-05-00,CORTLANDT ST,RNW,BMT,12/28/2018,00:00:00,REGULAR,321669,673561
A050,R088,00-03-00,CORTLANDT ST,RNW,BMT,12/28/2018,00:00:00,REGULAR,99520,36463
A050,R088,00-05-01,CORTLANDT ST,RNW,BMT,12/28/2018,00:00:00,REGULAR,340192,402015
A050,R088,00-05-03,CORTLANDT ST,RNW,BMT,12/28/2018,00:00:00,REGULAR,227917,33430
A050,R088,00-00-01,CORTLANDT ST,RNW,BMT,12/28/2018,00:00:00,REGULAR,3941696,4080372
A050,R088,00-03-01,CORTLANDT ST,RNW,BMT,12/28/2018,00:00:00,REGULAR,10648614,2163663
A050,R088,00-05-01,CORTLANDT ST,RNW,BMT,12/28/2018,00:00:00,REGULAR,340192,402015
A050,R088,00-05-02,CORTLANDT ST,RNW,BMT,12/28/2018,00:00:00,REGULAR,1408762,1761312
A050,R088,00-03-02,CORTLANDT ST,RNW,BMT,12/28/2018,00:00:00,REGULAR,6633051,1968555
A050,R088,00-05-00,CORTLANDT ST,RNW,BMT,12/28/2018,00:00:00,REGULAR,321669,673561
A050,R088,00-05-03,CORTLANDT ST,RNW,BMT,12/28/2018,00:00:00,REGULAR,227917,33430
A050,R088,00-03-01,CORTLANDT ST,RNW,BMT,12/28/2018,00:00:00,REGULAR,10648614,2163663
A050,R088,00-00-01,CORTLANDT ST,RNW,BMT,12/28/2018,00:00:00,REGULAR,3941696,4080372
A050,R088,00-02-00,CORTLANDT ST,RNW,BMT,12/28/2018,00:00:00,REGULAR,3551073,1767790
A050,R088,00-02-00,CORTLANDT ST,RNW,BMT,12/28/2018,00:00:00,REGULAR,3551073,1767790
A052,R088,01-03-00,CORTLANDT ST,RNW,BMT,12/28/2018,00:00:00,REGULAR,23020,56160
A052,R088,01-00-03,CORTLANDT ST,RNW,BMT,12/28/2018,00:00:00,REGULAR,12936,17923
A052,R088,01-05-01,CORTLANDT ST,RNW,BMT,12/28/2018,00:00:00,REGULAR,0,250
A052,R088,01-05-00,CORTLANDT ST,RNW,BMT,12/28/2018,00:00:00,REGULAR,257,0
A052,R088,01-05-01,CORTLANDT ST,RNW,BMT,12/28/2018,00:00:00,REGULAR,0,250
A052,R088,01-00-03,CORTLANDT ST,RNW,BMT,12/28/2018,00:00:00,REGULAR,12936,17923
A052,R088,01-00-02,CORTLANDT ST,RNW,BMT,12/28/2018,00:00:00,REGULAR,15391,12601
A052,R088,01-03-01,CORTLANDT ST,RNW,BMT,12/28/2018,00:00:00,REGULAR,33032,100515
A052,R088,01-05-00,CORTLANDT ST,RNW,BMT,12/28/2018,00:00:00,REGULAR,257,0
A052,R088,01-00-01,CORTLANDT ST,RNW,BMT,12/28/2018,00:00:00,REGULAR,17446,14153
A052,R088,01-00-00,CORTLANDT ST,RNW,BMT,12/28/2018,00:00:00,REGULAR,23467,26397
A052,R088,01-03-01,CORTLANDT ST,RNW,BMT,12/28/2018,00:00:00,REGULAR,33032,100515
A052,R088,01-03-00,CORTLANDT ST,RNW,BMT,12/28/2018,00:00:00,REGULAR,23020,56160
A052,R088,01-00-00,CORTLANDT ST,RNW,BMT,12/28/2018,00:00:00,REGULAR,23467,26397
A052,R088,01-00-02,CORTLANDT ST,RNW,BMT,12/28/2018,00:00:00,REGULAR,15391,12601
A052,R088,01-00-01,CORTLANDT ST,RNW,BMT,12/28/2018,00:00:00,REGULAR,17446,14153
A053,R088,03-00-03,CORTLANDT ST,RNW,BMT,12/28/2018,00:00:00,REGULAR,28576,58174
A053,R088,03-05-01,CORTLANDT ST,RNW,BMT,12/28/2018,00:00:00,REGULAR,1,693
A053,R088,03-00-00,CORTLANDT ST,RNW,BMT,12/28/2018,00:00:00,REGULAR,1011452,98960
A053,R088,03-00-03,CORTLANDT ST,RNW,BMT,12/28/2018,00:00:00,REGULAR,28576,58174
A053,R088,03-00-02,CORTLANDT ST,RNW,BMT,12/28/2018,00:00:00,REGULAR,99706,117224
A053,R088,03-05-01,CORTLANDT ST,RNW,BMT,12/28/2018,00:00:00,REGULAR,1,693
A053,R088,03-00-01,CORTLANDT ST,RNW,BMT,12/28/2018,00:00:00,REGULAR,16096,22786
A053,R088,03-05-00,CORTLANDT ST,RNW,BMT,12/28/2018,00:00:00,REGULAR,852054,0
A053,R088,03-05-00,CORTLANDT ST,RNW,BMT,12/28/2018,00:00:00,REGULAR,852054,0
A053,R088,03-00-01,CORTLANDT ST,RNW,BMT,12/28/2018,00:00:00,REGULAR,16096,22786
A053,R088,03-00-00,CORTLANDT ST,RNW,BMT,12/28/2018,00:00:00,REGULAR,1011452,98960
A053,R088,03-00-02,CORTLANDT ST,RNW,BMT,12/28/2018,00:00:00,REGULAR,99706,117224
A058,R001,01-00-01,WHITEHALL S-FRY,R1W,BMT,12/28/2018,00:00:00,REGULAR,1700244,1363076
A058,R001,01-06-00,WHITEHALL S-FRY,R1W,BMT,12/28/2018,00:00:00,REGULAR,117817745,485513
A058,R001,01-00-00,WHITEHALL S-FRY,R1W,BMT,12/28/2018,00:00:00,REGULAR,1493069,3464060
A058,R001,01-06-02,WHITEHALL S-FRY,R1W,BMT,12/28/2018,00:00:00,REGULAR,134151,29081
A058,R001,01-06-01,WHITEHALL S-FRY,R1W,BMT,12/28/2018,00:00:00,REGULAR,1525227,3681784
A058,R001,01-06-00,WHITEHALL S-FRY,R1W,BMT,12/28/2018,00:00:00,REGULAR,117817745,485513
A058,R001,01-00-02,WHITEHALL S-FRY,R1W,BMT,12/28/2018,00:00:00,REGULAR,4299538,1201561
A058,R001,01-00-02,WHITEHALL S-FRY,R1W,BMT,12/28/2018,00:00:00,REGULAR,4299538,1201561
A058,R001,01-00-03,WHITEHALL S-FRY,R1W,BMT,12/28/2018,00:00:00,REGULAR,135101401,50511794
A058,R001,01-00-01,WHITEHALL S-FRY,R1W,BMT,12/28/2018,00:00:00,REGULAR,1700244,1363076
A058,R001,01-06-01,WHITEHALL S-FRY,R1W,BMT,12/28/2018,00:00:00,REGULAR,1525227,3681784
A058,R001,01-00-03,WHITEHALL S-FRY,R1W,BMT,12/28/2018,00:00:00,REGULAR,135101401,50511794
A058,R001,01-06-02,WHITEHALL S-FRY,R1W,BMT,12/28/2018,00:00:00,REGULAR,134151,29081
A058,R001,01-00-00,WHITEHALL S-FRY,R1W,BMT,12/28/2018,00:00:00,REGULAR,1493069,3464060
A060,R001,00-00-00,WHITEHALL S-FRY,R1W,BMT,12/28/2018,00:00:00,REGULAR,3958982,2505212
A060,R001,00-00-07,WHITEHALL S-FRY,R1W,BMT,12/28/2018,00:00:00,REGULAR,3153516,2882628
A060,R001,00-00-01,WHITEHALL S-FRY,R1W,BMT,12/28/2018,00:00:00,REGULAR,3217398,2083041
A060,R001,00-00-07,WHITEHALL S-FRY,R1W,BMT,12/28/2018,00:00:00,REGULAR,3153516,2882628
A060,R001,00-00-02,WHITEHALL S-FRY,R1W,BMT,12/28/2018,00:00:00,REGULAR,492969,393737
A060,R001,00-00-06,WHITEHALL S-FRY,R1W,BMT,12/28/2018,00:00:00,REGULAR,126797,301746
A060,R001,00-00-05,WHITEHALL S-FRY,R1W,BMT,12/28/2018,00:00:00,REGULAR,2037145,2796875
A060,R001,00-00-04,WHITEHALL S-FRY,R1W,BMT,12/28/2018,00:00:00,REGULAR,503637,583857
A060,R001,00-00-06,WHITEHALL S-FRY,R1W,BMT,12/28/2018,00:00:00,REGULAR,126797,301746
A060,R001,00-00-03,WHITEHALL S-FRY,R1W,BMT,12/28/2018,00:00:00,REGULAR,2527553,286059
A060,R001,00-00-02,WHITEHALL S-FRY,R1W,BMT,12/28/2018,00:00:00,REGULAR,492969,393737
A060,R001,00-00-03,WHITEHALL S-FRY,R1W,BMT,12/28/2018,00:00:00,REGULAR,2527553,286059
A060,R001,00-00-01,WHITEHALL S-FRY,R1W,BMT,12/28/2018,00:00:00,REGULAR,3217398,2083041
A060,R001,00-00-00,WHITEHALL S-FRY,R1W,BMT,12/28/2018,00:00:00,REGULAR,3958982,2505212
A060,R001,00-00-04,WHITEHALL S-FRY,R1W,BMT,12/28/2018,00:00:00,REGULAR,503637,583857
A060,R001,00-00-05,WHITEHALL S-FRY,R1W,BMT,12/28/2018,00:00:00,REGULAR,2037145,2796875
A061,R142,00-00-02,DELANCEY/ESSEX,FJMZ,BMT,12/28/2018,00:00:00,REGULAR,288921,82233
A061,R142,00-03-03,DELANCEY/ESSEX,FJMZ,BMT,12/28/2018,00:00:00,REGULAR,1308016,4697336
A061,R142,00-00-01,DELANCEY/ESSEX,FJMZ,BMT,12/28/2018,00:00:00,REGULAR,11032186,3569049
A061,R142,00-03-03,DELANCEY/ESSEX,FJMZ,BMT,12/28/2018,00:00:00,REGULAR,1308016,4697336
A061,R142,00-03-02,DELANCEY/ESSEX,FJMZ,BMT,12/28/2018,00:00:00,REGULAR,2587156,4062187
A061,R142,00-00-00,DELANCEY/ESSEX,FJMZ,BMT,12/28/2018,00:00:00,REGULAR,12751692,11571401
A061,R142,00-03-02,DELANCEY/ESSEX,FJMZ,BMT,12/28/2018,00:00:00,REGULAR,2587156,4062187
A061,R142,00-00-01,DELANCEY/ESSEX,FJMZ,BMT,12/28/2018,00:00:00,REGULAR,11032186,3569049
A061,R142,00-03-00,DELANCEY/ESSEX,FJMZ,BMT,12/28/2018,00:00:00,REGULAR,2762613,1852688
A061,R142,00-03-00,DELANCEY/ESSEX,FJMZ,BMT,12/28/2018,00:00:00,REGULAR,2762613,1852688
A061,R142,00-00-02,DELANCEY/ESSEX,FJMZ,BMT,12/28/2018,00:00:00,REGULAR,288921,82233
A061,R142,00-03-01,DELANCEY/ESSEX,FJMZ,BMT,12/28/2018,00:00:00,REGULAR,3317092,2234172
A061,R142,00-00-00,DELANCEY/ESSEX,FJMZ,BMT,12/28/2018,00:00:00,REGULAR,12751692,11571401
A061,R142,00-03-01,DELANCEY/ESSEX,FJMZ,BMT,12/28/2018,00:00:00,REGULAR,3317092,2234172
A066,R118,00-00-00,CANAL ST,JNQRZ6W,BMT,12/28/2018,00:00:00,REGULAR,1724414405,1762822989
A066,R118,00-00-00,CANAL ST,JNQRZ6W,BMT,12/28/2018,00:00:00,REGULAR,1724414405,1762822989
A066,R118,00-00-02,CANAL ST,JNQRZ6W,BMT,12/28/2018,00:00:00,REGULAR,338782862,2030914204
A066,R118,00-00-02,CANAL ST,JNQRZ6W,BMT,12/28/2018,00:00:00,REGULAR,338782862,2030914204
A066,R118,00-00-01,CANAL ST,JNQRZ6W,BMT,12/28/2018,00:00:00,REGULAR,9048292,3010146
A066,R118,00-00-01,CANAL ST,JNQRZ6W,BMT,12/28/2018,00:00:00,REGULAR,9048292,3010146
A083,R125,00-00-03,BROAD ST,JZ,BMT,12/28/2018,00:00:00,REGULAR,2257917,3298028
A083,R125,00-00-01,BROAD ST,JZ,BMT,12/28/2018,00:00:00,REGULAR,479750,219689
A083,R125,00-00-02,BROAD ST,JZ,BMT,12/28/2018,00:00:00,REGULAR,910559,981299
A083,R125,00-00-02,BROAD ST,JZ,BMT,12/28/2018,00:00:00,REGULAR,910559,981299
A083,R125,00-00-04,BROAD ST,JZ,BMT,12/28/2018,00:00:00,REGULAR,51271,395423
A083,R125,00-00-03,BROAD ST,JZ,BMT,12/28/2018,00:00:00,REGULAR,2257917,3298028
A083,R125,00-00-01,BROAD ST,JZ,BMT,12/28/2018,00:00:00,REGULAR,479750,219689
A083,R125,00-00-00,BROAD ST,JZ,BMT,12/28/2018,00:00:00,REGULAR,5432287,2056552
A083,R125,00-00-04,BROAD ST,JZ,BMT,12/28/2018,00:00:00,REGULAR,51271,395423
A083,R125,00-00-00,BROAD ST,JZ,BMT,12/28/2018,00:00:00,REGULAR,5432287,2056552
A084,R125,01-00-00,BROAD ST,JZ,BMT,12/28/2018,00:00:00,REGULAR,87894,2836
A084,R125,01-03-02,BROAD ST,JZ,BMT,12/28/2018,00:00:00,REGULAR,6146961,5285344
A084,R125,01-03-01,BROAD ST,JZ,BMT,12/28/2018,00:00:00,REGULAR,129406,1475
A084,R125,01-03-00,BROAD ST,JZ,BMT,12/28/2018,00:00:00,REGULAR,552620169,1897279658
A084,R125,01-03-00,BROAD ST,JZ,BMT,12/28/2018,00:00:00,REGULAR,552620169,1897279658
A084,R125,01-03-02,BROAD ST,JZ,BMT,12/28/2018,00:00:00,REGULAR,6146961,5285344
A084,R125,01-00-02,BROAD ST,JZ,BMT,12/28/2018,00:00:00,REGULAR,1283816,54400
A084,R125,01-00-02,BROAD ST,JZ,BMT,12/28/2018,00:00:00,REGULAR,1283816,54400
A084,R125,01-00-01,BROAD ST,JZ,BMT,12/28/2018,00:00:00,REGULAR,773922,14810
A084,R125,01-03-01,BROAD ST,JZ,BMT,12/28/2018,00:00:00,REGULAR,129406,1475
A084,R125,01-00-01,BROAD ST,JZ,BMT,12/28/2018,00:00:00,REGULAR,773922,14810
A084,R125,01-00-00,BROAD ST,JZ,BMT,12/28/2018,00:00:00,REGULAR,87894,2836
A085,R125,02-05-00,BROAD ST,JZ,BMT,12/28/2018,00:00:00,REGULAR,0,1107
A085,R125,02-05-00,BROAD ST,JZ,BMT,12/28/2018,00:00:00,REGULAR,0,1107
B004,R171,00-00-02,7 AV,BQ,BMT,12/28/2018,00:00:00,REGULAR,11454459,13800369
B004,R171,00-00-03,7 AV,BQ,BMT,12/28/2018,00:00:00,REGULAR,3563463,3048745
B004,R171,00-00-02,7 AV,BQ,BMT,12/28/2018,00:00:00,REGULAR,11454459,13800369
B004,R171,00-00-03,7 AV,BQ,BMT,12/28/2018,00:00:00,REGULAR,3563463,3048745
B004,R171,00-00-00,7 AV,BQ,BMT,12/28/2018,00:00:00,REGULAR,6561242,4815560
B004,R171,00-00-01,7 AV,BQ,BMT,12/28/2018,00:00:00,REGULAR,12283483,12846580
B004,R171,00-00-01,7 AV,BQ,BMT,12/28/2018,00:00:00,REGULAR,12283483,12846580
B004,R171,00-00-00,7 AV,BQ,BMT,12/28/2018,00:00:00,REGULAR,6561242,4815560
B009,R411,00-00-00,PARK PLACE,S,BMT,12/28/2018,00:00:00,REGULAR,6384601,5621579
B009,R411,00-00-01,PARK PLACE,S,BMT,12/28/2018,00:00:00,REGULAR,2335566,3381420
B009,R411,00-05-01,PARK PLACE,S,BMT,12/28/2018,00:00:00,REGULAR,359,1093
B009,R411,00-00-02,PARK PLACE,S,BMT,12/28/2018,00:00:00,REGULAR,4167827,4983865
B009,R411,00-00-00,PARK PLACE,S,BMT,12/28/2018,00:00:00,REGULAR,6384601,5621579
B009,R411,00-05-01,PARK PLACE,S,BMT,12/28/2018,00:00:00,REGULAR,359,1093
B009,R411,00-00-02,PARK PLACE,S,BMT,12/28/2018,00:00:00,REGULAR,4167827,4983865
B009,R411,00-05-00,PARK PLACE,S,BMT,12/28/2018,00:00:00,REGULAR,517,0
B009,R411,00-05-00,PARK PLACE,S,BMT,12/28/2018,00:00:00,REGULAR,517,0
B009,R411,00-00-01,PARK PLACE,S,BMT,12/28/2018,00:00:00,REGULAR,2335566,3381420
B010,R412,00-00-00,BOTANIC GARDEN,S2345,BMT,12/28/2018,00:00:00,REGULAR,3194,2727
B010,R412,00-03-00,BOTANIC GARDEN,S2345,BMT,12/28/2018,00:00:00,REGULAR,5322326,1974715
B010,R412,00-03-02,BOTANIC GARDEN,S2345,BMT,12/28/2018,00:00:00,REGULAR,96943,592228
B010,R412,00-00-00,BOTANIC GARDEN,S2345,BMT,12/28/2018,00:00:00,REGULAR,3194,2727
B010,R412,00-03-00,BOTANIC GARDEN,S2345,BMT,12/28/2018,00:00:00,REGULAR,5322326,1974715
B010,R412,00-03-01,BOTANIC GARDEN,S2345,BMT,12/28/2018,00:00:00,REGULAR,270721,334754
B010,R412,00-03-01,BOTANIC GARDEN,S2345,BMT,12/28/2018,00:00:00,REGULAR,270721,334754
B010,R412,00-03-02,BOTANIC GARDEN,S2345,BMT,12/28/2018,00:00:00,REGULAR,96943,592228
B014,R148,00-00-00,PARKSIDE AV,BQ,BMT,12/28/2018,00:00:00,REGULAR,10211011,16531794
B014,R148,00-00-02,PARKSIDE AV,BQ,BMT,12/28/2018,00:00:00,REGULAR,14066383,8817736
B014,R148,00-00-02,PARKSIDE AV,BQ,BMT,12/28/2018,00:00:00,REGULAR,14066383,8817736
B014,R148,00-00-00,PARKSIDE AV,BQ,BMT,12/28/2018,00:00:00,REGULAR,10211011,16531794
B014,R148,00-00-01,PARKSIDE AV,BQ,BMT,12/28/2018,00:00:00,REGULAR,15112780,9209426
B014,R148,00-00-01,PARKSIDE AV,BQ,BMT,12/28/2018,00:00:00,REGULAR,15112780,9209426
B019,R149,00-00-04,NEWKIRK PLAZA,BQ,BMT,12/28/2018,00:00:00,REGULAR,16127966,10193798
B019,R149,00-00-02,NEWKIRK PLAZA,BQ,BMT,12/28/2018,00:00:00,REGULAR,10452761,12208167
B019,R149,00-00-04,NEWKIRK PLAZA,BQ,BMT,12/28/2018,00:00:00,REGULAR,16127966,10193798
B019,R149,00-00-03,NEWKIRK PLAZA,BQ,BMT,12/28/2018,00:00:00,REGULAR,5577167,6167509
B019,R149,00-00-01,NEWKIRK PLAZA,BQ,BMT,12/28/2018,00:00:00,REGULAR,8804401,10247185
B019,R149,00-00-02,NEWKIRK PLAZA,BQ,BMT,12/28/2018,00:00:00,REGULAR,10452761,12208167
B019,R149,00-00-01,NEWKIRK PLAZA,BQ,BMT,12/28/2018,00:00:00,REGULAR,8804401,10247185
B019,R149,00-00-00,NEWKIRK PLAZA,BQ,BMT,12/28/2018,00:00:00,REGULAR,16868437,15995041
B019,R149,00-00-03,NEWKIRK PLAZA,BQ,BMT,12/28/2018,00:00:00,REGULAR,5577167,6167509
B019,R149,00-00-00,NEWKIRK PLAZA,BQ,BMT,12/28/2018,00:00:00,REGULAR,16868437,15995041
B025,R150,00-00-03,AVENUE U,BQ,BMT,12/28/2018,00:00:00,REGULAR,9659609,12111797
B025,R150,00-00-00,AVENUE U,BQ,BMT,12/28/2018,00:00:00,REGULAR,5292020,3307339
B025,R150,00-00-01,AVENUE U,BQ,BMT,12/28/2018,00:00:00,REGULAR,6923838,2114350
B025,R150,00-05-01,AVENUE U,BQ,BMT,12/28/2018,00:00:00,REGULAR,67108864,16777276
B025,R150,00-00-00,AVENUE U,BQ,BMT,12/28/2018,00:00:00,REGULAR,5292020,3307339
B025,R150,00-05-00,AVENUE U,BQ,BMT,12/28/2018,00:00:00,REGULAR,100663473,0
B025,R150,00-00-02,AVENUE U,BQ,BMT,12/28/2018,00:00:00,REGULAR,1062555,484913
B025,R150,00-05-00,AVENUE U,BQ,BMT,12/28/2018,00:00:00,REGULAR,100663473,0
B025,R150,00-00-02,AVENUE U,BQ,BMT,12/28/2018,00:00:00,REGULAR,1062555,484913
B025,R150,00-00-01,AVENUE U,BQ,BMT,12/28/2018,00:00:00,REGULAR,6923838,2114350
B025,R150,00-00-03,AVENUE U,BQ,BMT,12/28/2018,00:00:00,REGULAR,9659609,12111797
B025,R150,00-05-01,AVENUE U,BQ,BMT,12/28/2018,00:00:00,REGULAR,67108864,16777276
B027,R136,00-00-03,SHEEPSHEAD BAY,BQ,BMT,12/28/2018,00:00:00,REGULAR,3324050,788837
B027,R136,00-00-03,SHEEPSHEAD BAY,BQ,BMT,12/28/2018,00:00:00,REGULAR,3324050,788837
B027,R136,00-00-01,SHEEPSHEAD BAY,BQ,BMT,12/28/2018,00:00:00,REGULAR,4560033,5267426
B027,R136,00-00-04,SHEEPSHEAD BAY,BQ,BMT,12/28/2018,00:00:00,REGULAR,11351860,7368341
B027,R136,00-00-05,SHEEPSHEAD BAY,BQ,BMT,12/28/2018,00:00:00,REGULAR,10884849,18083384
B027,R136,00-00-02,SHEEPSHEAD BAY,BQ,BMT,12/28/2018,00:00:00,REGULAR,12828262,4731455
B027,R136,00-00-00,SHEEPSHEAD BAY,BQ,BMT,12/28/2018,00:00:00,REGULAR,1801248,7179981
B027,R136,00-00-00,SHEEPSHEAD BAY,BQ,BMT,12/28/2018,00:00:00,REGULAR,1801248,7179981
B027,R136,00-00-04,SHEEPSHEAD BAY,BQ,BMT,12/28/2018,00:00:00,REGULAR,11351860,7368341
B027,R136,00-00-02,SHEEPSHEAD BAY,BQ,BMT,12/28/2018,00:00:00,REGULAR,12828262,4731455
B027,R136,00-00-01,SHEEPSHEAD BAY,BQ,BMT,12/28/2018,00:00:00,REGULAR,4560033,5267426
B027,R136,00-00-05,SHEEPSHEAD BAY,BQ,BMT,12/28/2018,00:00:00,REGULAR,10884849,18083384
B028,R136,01-00-01,SHEEPSHEAD BAY,BQ,BMT,12/28/2018,00:00:00,REGULAR,1010656,367142
B028,R136,01-00-02,SHEEPSHEAD BAY,BQ,BMT,12/28/2018,00:00:00,REGULAR,4030177,692681
B028,R136,01-00-02,SHEEPSHEAD BAY,BQ,BMT,12/28/2018,00:00:00,REGULAR,4030177,692681
B028,R136,01-00-01,SHEEPSHEAD BAY,BQ,BMT,12/28/2018,00:00:00,REGULAR,1010656,367142
B028,R136,01-00-00,SHEEPSHEAD BAY,BQ,BMT,12/28/2018,00:00:00,REGULAR,163178,469780
B028,R136,01-00-00,SHEEPSHEAD BAY,BQ,BMT,12/28/2018,00:00:00,REGULAR,163178,469780
C018,R197,00-00-04,36 ST,DNR,BMT,12/28/2018,00:00:00,REGULAR,11966851,5500546
C018,R197,00-00-00,36 ST,DNR,BMT,12/28/2018,00:00:00,REGULAR,5190018,6689847
C018,R197,00-00-05,36 ST,DNR,BMT,12/28/2018,00:00:00,REGULAR,8710489,1804662
C018,R197,00-00-03,36 ST,DNR,BMT,12/28/2018,00:00:00,REGULAR,8459607,6056410
C018,R197,00-00-00,36 ST,DNR,BMT,12/28/2018,00:00:00,REGULAR,5190018,6689847
C018,R197,00-00-02,36 ST,DNR,BMT,12/28/2018,00:00:00,REGULAR,9050531,5890294
C018,R197,00-00-04,36 ST,DNR,BMT,12/28/2018,00:00:00,REGULAR,11966851,5500546
C018,R197,00-00-01,36 ST,DNR,BMT,12/28/2018,00:00:00,REGULAR,4214469,3017669
C018,R197,00-00-02,36 ST,DNR,BMT,12/28/2018,00:00:00,REGULAR,9050531,5890294
C018,R197,00-00-01,36 ST,DNR,BMT,12/28/2018,00:00:00,REGULAR,4214469,3017669
C018,R197,00-00-03,36 ST,DNR,BMT,12/28/2018,00:00:00,REGULAR,8459607,6056410
C018,R197,00-00-05,36 ST,DNR,BMT,12/28/2018,00:00:00,REGULAR,8710489,1804662
D002,R390,00-03-01,8 AV,N,BMT,12/28/2018,00:00:00,REGULAR,2080768,1715944
D002,R390,00-00-01,8 AV,N,BMT,12/28/2018,00:00:00,REGULAR,4116579,7762308
D002,R390,00-00-01,8 AV,N,BMT,12/28/2018,00:00:00,REGULAR,4116579,7762308
D002,R390,00-00-00,8 AV,N,BMT,12/28/2018,00:00:00,REGULAR,2915710,4430149
D002,R390,00-03-00,8 AV,N,BMT,12/28/2018,00:00:00,REGULAR,1774329,1798793
D002,R390,00-00-00,8 AV,N,BMT,12/28/2018,00:00:00,REGULAR,2915710,4430149
D002,R390,00-03-00,8 AV,N,BMT,12/28/2018,00:00:00,REGULAR,1774329,1798793
D002,R390,00-03-01,8 AV,N,BMT,12/28/2018,00:00:00,REGULAR,2080768,1715944
D004,R391,01-05-01,FT HAMILTON PKY,N,BMT,12/28/2018,00:00:00,REGULAR,43,633
D004,R391,01-06-00,FT HAMILTON PKY,N,BMT,12/28/2018,00:00:00,REGULAR,719356,33246
D004,R391,01-06-01,FT HAMILTON PKY,N,BMT,12/28/2018,00:00:00,REGULAR,439468,80498
D004,R391,01-05-00,FT HAMILTON PKY,N,BMT,12/28/2018,00:00:00,REGULAR,155,0
D004,R391,01-06-01,FT HAMILTON PKY,N,BMT,12/28/2018,00:00:00,REGULAR,439468,80498
D004,R391,01-05-00,FT HAMILTON PKY,N,BMT,12/28/2018,00:00:00,REGULAR,155,0
D004,R391,01-06-00,FT HAMILTON PKY,N,BMT,12/28/2018,00:00:00,REGULAR,719356,33246
D004,R391,01-05-01,FT HAMILTON PKY,N,BMT,12/28/2018,00:00:00,REGULAR,43,633
D005,R398,00-06-01,NEW UTRECHT AV,ND,BMT,12/28/2018,00:00:00,REGULAR,1050813,362923
D005,R398,00-06-01,NEW UTRECHT AV,ND,BMT,12/28/2018,00:00:00,REGULAR,1050813,362923
D005,R398,00-06-00,NEW UTRECHT AV,ND,BMT,12/28/2018,00:00:00,REGULAR,1000219,192545
D005,R398,00-06-00,NEW UTRECHT AV,ND,BMT,12/28/2018,00:00:00,REGULAR,1000219,192545
D006,R398,01-05-00,NEW UTRECHT AV,ND,BMT,12/28/2018,00:00:00,REGULAR,870,0
D006,R398,01-06-01,NEW UTRECHT AV,ND,BMT,12/28/2018,00:00:00,REGULAR,2363368,2683374
D006,R398,01-06-01,NEW UTRECHT AV,ND,BMT,12/28/2018,00:00:00,REGULAR,2363368,2683374
D006,R398,01-06-00,NEW UTRECHT AV,ND,BMT,12/28/2018,00:00:00,REGULAR,773866,80219
D006,R398,01-06-00,NEW UTRECHT AV,ND,BMT,12/28/2018,00:00:00,REGULAR,773866,80219
D006,R398,01-05-01,NEW UTRECHT AV,ND,BMT,12/28/2018,00:00:00,REGULAR,13,551
D006,R398,01-05-00,NEW UTRECHT AV,ND,BMT,12/28/2018,00:00:00,REGULAR,870,0
D006,R398,01-05-01,NEW UTRECHT AV,ND,BMT,12/28/2018,00:00:00,REGULAR,13,551
D008,R392,00-05-01,18 AV,N,BMT,12/28/2018,00:00:00,REGULAR,3,5
D008,R392,00-05-00,18 AV,N,BMT,12/28/2018,00:00:00,REGULAR,28,0
D008,R392,00-05-00,18 AV,N,BMT,12/28/2018,00:00:00,REGULAR,28,0
D008,R392,00-05-01,18 AV,N,BMT,12/28/2018,00:00:00,REGULAR,3,5
D009,R393,00-00-01,20 AV,N,BMT,12/28/2018,00:00:00,REGULAR,5767770,4743026
D009,R393,00-00-02,20 AV,N,BMT,12/28/2018,00:00:00,REGULAR,4010864,1774475
D009,R393,00-00-02,20 AV,N,BMT,12/28/2018,00:00:00,REGULAR,4010864,1774475
D009,R393,00-00-00,20 AV,N,BMT,12/28/2018,00:00:00,REGULAR,6925460,6582745
D009,R393,00-00-01,20 AV,N,BMT,12/28/2018,00:00:00,REGULAR,5767770,4743026
D009,R393,00-00-00,20 AV,N,BMT,12/28/2018,00:00:00,REGULAR,6925460,6582745
D011,R394,01-06-01,BAY PKWY,N,BMT,12/28/2018,00:00:00,REGULAR,775627533,1698278172
D011,R394,01-05-01,BAY PKWY,N,BMT,12/28/2018,00:00:00,REGULAR,5,546
D011,R394,01-05-01,BAY PKWY,N,BMT,12/28/2018,00:00:00,REGULAR,5,546
D011,R394,01-05-00,BAY PKWY,N,BMT,12/28/2018,00:00:00,REGULAR,575996020,672530542
D011,R394,01-06-02,BAY PKWY,N,BMT,12/28/2018,00:00:00,REGULAR,1461229,414998
D011,R394,01-06-00,BAY PKWY,N,BMT,12/28/2018,00:00:00,REGULAR,393273040,1556089893
D011,R394,01-06-00,BAY PKWY,N,BMT,12/28/2018,00:00:00,REGULAR,393273040,1556089893
D011,R394,01-06-02,BAY PKWY,N,BMT,12/28/2018,00:00:00,REGULAR,1461229,414998
D011,R394,01-05-00,BAY PKWY,N,BMT,12/28/2018,00:00:00,REGULAR,575996020,672530542
D011,R394,01-06-01,BAY PKWY,N,BMT,12/28/2018,00:00:00,REGULAR,775627533,1698278172
D012,R395,00-06-00,KINGS HWY,N,BMT,12/28/2018,00:00:00,REGULAR,438165,195129
D012,R395,00-06-00,KINGS HWY,N,BMT,12/28/2018,00:00:00,REGULAR,438165,195129
D012,R395,00-06-01,KINGS HWY,N,BMT,12/28/2018,00:00:00,REGULAR,239359,82678
D012,R395,00-06-01,KINGS HWY,N,BMT,12/28/2018,00:00:00,REGULAR,239359,82678
D015,R396,00-05-01,AVENUE U,N,BMT,12/28/2018,00:00:00,REGULAR,1,5
D015,R396,00-06-01,AVENUE U,N,BMT,12/28/2018,00:00:00,REGULAR,465446,110240
D015,R396,00-06-01,AVENUE U,N,BMT,12/28/2018,00:00:00,REGULAR,465446,110240
D015,R396,00-06-00,AVENUE U,N,BMT,12/28/2018,00:00:00,REGULAR,596863,41094
D015,R396,00-06-00,AVENUE U,N,BMT,12/28/2018,00:00:00,REGULAR,596863,41094
D015,R396,00-05-00,AVENUE U,N,BMT,12/28/2018,00:00:00,REGULAR,16,0
D015,R396,00-05-01,AVENUE U,N,BMT,12/28/2018,00:00:00,REGULAR,1,5
D015,R396,00-05-00,AVENUE U,N,BMT,12/28/2018,00:00:00,REGULAR,16,0
D016,R397,00-00-00,86 ST,N,BMT,12/28/2018,00:00:00,REGULAR,4109533,4482503
D016,R397,00-00-00,86 ST,N,BMT,12/28/2018,00:00:00,REGULAR,4109533,4482503
D016,R397,00-00-01,86 ST,N,BMT,12/28/2018,00:00:00,REGULAR,337848,153306
D016,R397,00-00-01,86 ST,N,BMT,12/28/2018,00:00:00,REGULAR,337848,153306
E001,R368,00-00-04,9 AV,D,BMT,12/28/2018,00:00:00,REGULAR,3357746,4958515
E001,R368,00-05-00,9 AV,D,BMT,12/28/2018,00:00:00,REGULAR,458762,0
E001,R368,00-00-03,9 AV,D,BMT,12/28/2018,00:00:00,REGULAR,1076751,1201348
E001,R368,00-00-01,9 AV,D,BMT,12/28/2018,00:00:00,REGULAR,3307783,2544397
E001,R368,00-00-00,9 AV,D,BMT,12/28/2018,00:00:00,REGULAR,8798534,10991205
E001,R368,00-00-01,9 AV,D,BMT,12/28/2018,00:00:00,REGULAR,3307783,2544397
E001,R368,00-00-02,9 AV,D,BMT,12/28/2018,00:00:00,REGULAR,11392595,8337578
E001,R368,00-05-01,9 AV,D,BMT,12/28/2018,00:00:00,REGULAR,524288,131
E001,R368,00-05-00,9 AV,D,BMT,12/28/2018,00:00:00,REGULAR,458762,0
E001,R368,00-00-02,9 AV,D,BMT,12/28/2018,00:00:00,REGULAR,11392595,8337578
E001,R368,00-00-04,9 AV,D,BMT,12/28/2018,00:00:00,REGULAR,3357746,4958515
E001,R368,00-05-01,9 AV,D,BMT,12/28/2018,00:00:00,REGULAR,524288,131
E001,R368,00-00-00,9 AV,D,BMT,12/28/2018,00:00:00,REGULAR,8798534,10991205
E001,R368,00-00-03,9 AV,D,BMT,12/28/2018,00:00:00,REGULAR,1076751,1201348
E003,R369,00-00-00,FT HAMILTON PKY,D,BMT,12/28/2018,00:00:00,REGULAR,1637008,736855
E003,R369,00-00-00,FT HAMILTON PKY,D,BMT,12/28/2018,00:00:00,REGULAR,1637008,736855
E003,R369,00-03-01,FT HAMILTON PKY,D,BMT,12/28/2018,00:00:00,REGULAR,140769,180961
E003,R369,00-03-01,FT HAMILTON PKY,D,BMT,12/28/2018,00:00:00,REGULAR,140769,180961
E003,R369,00-03-00,FT HAMILTON PKY,D,BMT,12/28/2018,00:00:00,REGULAR,545947,544512
E003,R369,00-00-01,FT HAMILTON PKY,D,BMT,12/28/2018,00:00:00,REGULAR,1640588,2232878
E003,R369,00-05-00,FT HAMILTON PKY,D,BMT,12/28/2018,00:00:00,REGULAR,202523,310508
E003,R369,00-05-01,FT HAMILTON PKY,D,BMT,12/28/2018,00:00:00,REGULAR,1184206,1725980
E003,R369,00-03-00,FT HAMILTON PKY,D,BMT,12/28/2018,00:00:00,REGULAR,545947,544512
E003,R369,00-00-02,FT HAMILTON PKY,D,BMT,12/28/2018,00:00:00,REGULAR,2439927,1395529
E003,R369,00-00-01,FT HAMILTON PKY,D,BMT,12/28/2018,00:00:00,REGULAR,1640588,2232878
E003,R369,00-05-00,FT HAMILTON PKY,D,BMT,12/28/2018,00:00:00,REGULAR,202523,310508
E003,R369,00-05-01,FT HAMILTON PKY,D,BMT,12/28/2018,00:00:00,REGULAR,1184206,1725980
E003,R369,00-00-02,FT HAMILTON PKY,D,BMT,12/28/2018,00:00:00,REGULAR,2439927,1395529
E014,R374,00-00-02,BAY PKWY,D,BMT,12/28/2018,00:00:00,REGULAR,7971653,10381555
E014,R374,00-05-01,BAY PKWY,D,BMT,12/28/2018,00:00:00,REGULAR,100663296,120
E014,R374,00-00-01,BAY PKWY,D,BMT,12/28/2018,00:00:00,REGULAR,2458503,2592190
E014,R374,00-00-04,BAY PKWY,D,BMT,12/28/2018,00:00:00,REGULAR,2170287,941358
E014,R374,00-00-03,BAY PKWY,D,BMT,12/28/2018,00:00:00,REGULAR,10737776,12115066
E014,R374,00-05-00,BAY PKWY,D,BMT,12/28/2018,00:00:00,REGULAR,150995663,0
E014,R374,00-00-02,BAY PKWY,D,BMT,12/28/2018,00:00:00,REGULAR,7971653,10381555
E014,R374,00-00-04,BAY PKWY,D,BMT,12/28/2018,00:00:00,REGULAR,2170287,941358
E014,R374,00-00-00,BAY PKWY,D,BMT,12/28/2018,00:00:00,REGULAR,14248570,11419338
E014,R374,00-05-00,BAY PKWY,D,BMT,12/28/2018,00:00:00,REGULAR,150995663,0
E014,R374,00-00-01,BAY PKWY,D,BMT,12/28/2018,00:00:00,REGULAR,2458503,2592190
E014,R374,00-05-01,BAY PKWY,D,BMT,12/28/2018,00:00:00,REGULAR,100663296,120
E014,R374,00-00-00,BAY PKWY,D,BMT,12/28/2018,00:00:00,REGULAR,14248570,11419338
E014,R374,00-00-03,BAY PKWY,D,BMT,12/28/2018,00:00:00,REGULAR,10737776,12115066
E015,R399,00-00-01,25 AV,D,BMT,12/28/2018,00:00:00,REGULAR,1439280,317707
E015,R399,00-00-00,25 AV,D,BMT,12/28/2018,00:00:00,REGULAR,3268960,708324
E015,R399,00-00-02,25 AV,D,BMT,12/28/2018,00:00:00,REGULAR,4276672,1520846
E015,R399,00-00-01,25 AV,D,BMT,12/28/2018,00:00:00,REGULAR,1439280,317707
E015,R399,00-00-00,25 AV,D,BMT,12/28/2018,00:00:00,REGULAR,3268960,708324
E015,R399,00-00-02,25 AV,D,BMT,12/28/2018,00:00:00,REGULAR,4276672,1520846
E016,R400,00-00-01,BAY 50 ST,D,BMT,12/28/2018,00:00:00,REGULAR,933215,199217
E016,R400,00-00-00,BAY 50 ST,D,BMT,12/28/2018,00:00:00,REGULAR,7535917,6843146
E016,R400,00-00-02,BAY 50 ST,D,BMT,12/28/2018,00:00:00,REGULAR,3744304,1791765
E016,R400,00-00-01,BAY 50 ST,D,BMT,12/28/2018,00:00:00,REGULAR,933215,199217
E016,R400,00-00-00,BAY 50 ST,D,BMT,12/28/2018,00:00:00,REGULAR,7535917,6843146
E016,R400,00-00-02,BAY 50 ST,D,BMT,12/28/2018,00:00:00,REGULAR,3744304,1791765
G001,R151,00-05-00,CONEY IS-STILLW,DFNQ,BMT,12/28/2018,00:00:00,REGULAR,3428,0
G001,R151,00-05-01,CONEY IS-STILLW,DFNQ,BMT,12/28/2018,00:00:00,REGULAR,0,233
G001,R151,00-03-01,CONEY IS-STILLW,DFNQ,BMT,12/28/2018,00:00:00,REGULAR,3309942,1284341
G001,R151,00-03-01,CONEY IS-STILLW,DFNQ,BMT,12/28/2018,00:00:00,REGULAR,3309942,1284341
G001,R151,00-00-02,CONEY IS-STILLW,DFNQ,BMT,12/28/2018,00:00:00,REGULAR,604747810,302331022
G001,R151,00-00-04,CONEY IS-STILLW,DFNQ,BMT,12/28/2018,00:00:00,REGULAR,3466866,2426309
G001,R151,00-03-02,CONEY IS-STILLW,DFNQ,BMT,12/28/2018,00:00:00,REGULAR,202186,59331
G001,R151,00-00-03,CONEY IS-STILLW,DFNQ,BMT,12/28/2018,00:00:00,REGULAR,7021753,4689861
G001,R151,00-00-01,CONEY IS-STILLW,DFNQ,BMT,12/28/2018,00:00:00,REGULAR,7089624,6266619
G001,R151,00-03-02,CONEY IS-STILLW,DFNQ,BMT,12/28/2018,00:00:00,REGULAR,202186,59331
G001,R151,00-00-03,CONEY IS-STILLW,DFNQ,BMT,12/28/2018,00:00:00,REGULAR,7021753,4689861
G001,R151,00-00-00,CONEY IS-STILLW,DFNQ,BMT,12/28/2018,00:00:00,REGULAR,911452,1584114
G001,R151,00-00-02,CONEY IS-STILLW,DFNQ,BMT,12/28/2018,00:00:00,REGULAR,604747810,302331022
G001,R151,00-06-00,CONEY IS-STILLW,DFNQ,BMT,12/28/2018,00:00:00,REGULAR,356662,668767
G001,R151,00-05-01,CONEY IS-STILLW,DFNQ,BMT,12/28/2018,00:00:00,REGULAR,0,233
G001,R151,00-00-00,CONEY IS-STILLW,DFNQ,BMT,12/28/2018,00:00:00,REGULAR,911452,1584114
G001,R151,00-06-00,CONEY IS-STILLW,DFNQ,BMT,12/28/2018,00:00:00,REGULAR,356662,668767
G001,R151,00-00-04,CONEY IS-STILLW,DFNQ,BMT,12/28/2018,00:00:00,REGULAR,3466866,2426309
G001,R151,00-03-03,CONEY IS-STILLW,DFNQ,BMT,12/28/2018,00:00:00,REGULAR,2382461,437523
G001,R151,00-03-00,CONEY IS-STILLW,DFNQ,BMT,12/28/2018,00:00:00,REGULAR,2453653,2019512
G001,R151,00-00-01,CONEY IS-STILLW,DFNQ,BMT,12/28/2018,00:00:00,REGULAR,7089624,6266619
G001,R151,00-03-03,CONEY IS-STILLW,DFNQ,BMT,12/28/2018,00:00:00,REGULAR,2382461,437523
G001,R151,00-05-00,CONEY IS-STILLW,DFNQ,BMT,12/28/2018,00:00:00,REGULAR,3428,0
G001,R151,00-03-00,CONEY IS-STILLW,DFNQ,BMT,12/28/2018,00:00:00,REGULAR,2453653,2019512
G009,R151,02-00-01,CONEY IS-STILLW,DFNQ,BMT,12/28/2018,00:00:00,REGULAR,727584,458954
G009,R151,02-00-03,CONEY IS-STILLW,DFNQ,BMT,12/28/2018,00:00:00,REGULAR,199194,288809
G009,R151,02-00-03,CONEY IS-STILLW,DFNQ,BMT,12/28/2018,00:00:00,REGULAR,199194,288809
G009,R151,02-00-00,CONEY IS-STILLW,DFNQ,BMT,12/28/2018,00:00:00,REGULAR,16926030,57601
G009,R151,02-00-02,CONEY IS-STILLW,DFNQ,BMT,12/28/2018,00:00:00,REGULAR,591474,689711
G009,R151,02-00-04,CONEY IS-STILLW,DFNQ,BMT,12/28/2018,00:00:00,REGULAR,7315775,10407586
G009,R151,02-00-00,CONEY IS-STILLW,DFNQ,BMT,12/28/2018,00:00:00,REGULAR,16926030,57601
G009,R151,02-00-02,CONEY IS-STILLW,DFNQ,BMT,12/28/2018,00:00:00,REGULAR,591474,689711
G009,R151,02-05-00,CONEY IS-STILLW,DFNQ,BMT,12/28/2018,00:00:00,REGULAR,2252,0
G009,R151,02-05-01,CONEY IS-STILLW,DFNQ,BMT,12/28/2018,00:00:00,REGULAR,2,234
G009,R151,02-00-01,CONEY IS-STILLW,DFNQ,BMT,12/28/2018,00:00:00,REGULAR,727584,458954
G009,R151,02-05-01,CONEY IS-STILLW,DFNQ,BMT,12/28/2018,00:00:00,REGULAR,2,234
G009,R151,02-05-00,CONEY IS-STILLW,DFNQ,BMT,12/28/2018,00:00:00,REGULAR,2252,0
G009,R151,02-00-05,CONEY IS-STILLW,DFNQ,BMT,12/28/2018,00:00:00,REGULAR,303336,231473
G009,R151,02-00-04,CONEY IS-STILLW,DFNQ,BMT,12/28/2018,00:00:00,REGULAR,7315775,10407586
G009,R151,02-00-05,CONEY IS-STILLW,DFNQ,BMT,12/28/2018,00:00:00,REGULAR,303336,231473
H001,R175,00-06-00,8 AV,ACEL,BMT,12/28/2018,00:00:00,REGULAR,56584901,19722282
H001,R175,00-06-02,8 AV,ACEL,BMT,12/28/2018,00:00:00,REGULAR,2952257,7994203
H001,R175,00-05-00,8 AV,ACEL,BMT,12/28/2018,00:00:00,REGULAR,14687,0
H001,R175,00-00-05,8 AV,ACEL,BMT,12/28/2018,00:00:00,REGULAR,11182423,5098249
H001,R175,00-06-03,8 AV,ACEL,BMT,12/28/2018,00:00:00,REGULAR,2119971,1363079
H001,R175,00-06-02,8 AV,ACEL,BMT,12/28/2018,00:00:00,REGULAR,2952257,7994203
H001,R175,00-00-04,8 AV,ACEL,BMT,12/28/2018,00:00:00,REGULAR,7845944,6167479
H001,R175,00-00-00,8 AV,ACEL,BMT,12/28/2018,00:00:00,REGULAR,5960717,5117719
H001,R175,00-06-03,8 AV,ACEL,BMT,12/28/2018,00:00:00,REGULAR,2119971,1363079
H001,R175,00-00-04,8 AV,ACEL,BMT,12/28/2018,00:00:00,REGULAR,7845944,6167479
H001,R175,00-05-00,8 AV,ACEL,BMT,12/28/2018,00:00:00,REGULAR,14687,0
H001,R175,00-00-03,8 AV,ACEL,BMT,12/28/2018,00:00:00,REGULAR,10796737,8066120
H001,R175,00-05-01,8 AV,ACEL,BMT,12/28/2018,00:00:00,REGULAR,196608,66673
H001,R175,00-06-01,8 AV,ACEL,BMT,12/28/2018,00:00:00,REGULAR,54026641,556164
H001,R175,00-00-03,8 AV,ACEL,BMT,12/28/2018,00:00:00,REGULAR,10796737,8066120
H001,R175,00-05-01,8 AV,ACEL,BMT,12/28/2018,00:00:00,REGULAR,196608,66673
H001,R175,00-00-00,8 AV,ACEL,BMT,12/28/2018,00:00:00,REGULAR,5960717,5117719
H001,R175,00-06-01,8 AV,ACEL,BMT,12/28/2018,00:00:00,REGULAR,54026641,556164
H001,R175,00-00-05,8 AV,ACEL,BMT,12/28/2018,00:00:00,REGULAR,11182423,5098249
H001,R175,00-00-02,8 AV,ACEL,BMT,12/28/2018,00:00:00,REGULAR,15246766,8739151
H001,R175,00-00-01,8 AV,ACEL,BMT,12/28/2018,00:00:00,REGULAR,18860268,12515005
H001,R175,00-00-01,8 AV,ACEL,BMT,12/28/2018,00:00:00,REGULAR,18860268,12515005
H001,R175,00-00-02,8 AV,ACEL,BMT,12/28/2018,00:00:00,REGULAR,15246766,8739151
H001,R175,00-06-00,8 AV,ACEL,BMT,12/28/2018,00:00:00,REGULAR,56584901,19722282
H012,R268,01-06-00,LORIMER ST,LG,BMT,12/28/2018,00:00:00,RECOVR AUD,1927510,1305127
H012,R268,01-00-00,LORIMER ST,LG,BMT,12/28/2018,00:00:00,RECOVR AUD,870062,254418
H012,R268,01-00-01,LORIMER ST,LG,BMT,12/28/2018,00:00:00,RECOVR AUD,8612557,1126849
H012,R268,01-06-02,LORIMER ST,LG,BMT,12/28/2018,00:00:00,RECOVR AUD,1449194,782271
H012,R268,01-00-00,LORIMER ST,LG,BMT,12/28/2018,00:00:00,RECOVR AUD,870062,254418
H012,R268,01-06-00,LORIMER ST,LG,BMT,12/28/2018,00:00:00,RECOVR AUD,1927510,1305127
H012,R268,01-06-01,LORIMER ST,LG,BMT,12/28/2018,00:00:00,RECOVR AUD,3047591,1747192
H012,R268,01-00-01,LORIMER ST,LG,BMT,12/28/2018,00:00:00,RECOVR AUD,8612557,1126849
H012,R268,01-06-02,LORIMER ST,LG,BMT,12/28/2018,00:00:00,RECOVR AUD,1449194,782271
H012,R268,01-06-01,LORIMER ST,LG,BMT,12/28/2018,00:00:00,RECOVR AUD,3047591,1747192
H037,R349,00-00-01,SUTTER AV,L,BMT,12/28/2018,00:00:00,REGULAR,1507895,417200
H037,R349,00-00-01,SUTTER AV,L,BMT,12/28/2018,00:00:00,REGULAR,1507895,417200
H037,R349,00-00-00,SUTTER AV,L,BMT,12/28/2018,00:00:00,REGULAR,1386866,1487803
H037,R349,00-00-00,SUTTER AV,L,BMT,12/28/2018,00:00:00,REGULAR,1386866,1487803
H038,R350,00-06-00,LIVONIA AV,L,BMT,12/28/2018,00:00:00,REGULAR,492695,179906
H038,R350,00-06-00,LIVONIA AV,L,BMT,12/28/2018,00:00:00,REGULAR,492695,179906
H038,R350,00-00-02,LIVONIA AV,L,BMT,12/28/2018,00:00:00,REGULAR,6245611,1923318
H038,R350,00-00-02,LIVONIA AV,L,BMT,12/28/2018,00:00:00,REGULAR,6245611,1923318
H038,R350,00-00-01,LIVONIA AV,L,BMT,12/28/2018,00:00:00,REGULAR,4163735,2464383
H038,R350,00-06-01,LIVONIA AV,L,BMT,12/28/2018,00:00:00,REGULAR,252318,149174
H038,R350,00-06-01,LIVONIA AV,L,BMT,12/28/2018,00:00:00,REGULAR,252318,149174
H038,R350,00-00-00,LIVONIA AV,L,BMT,12/28/2018,00:00:00,REGULAR,2630223,3419428
H038,R350,00-00-00,LIVONIA AV,L,BMT,12/28/2018,00:00:00,REGULAR,2630223,3419428
H038,R350,00-00-01,LIVONIA AV,L,BMT,12/28/2018,00:00:00,REGULAR,4163735,2464383
H039,R375,00-00-01,NEW LOTS,L,BMT,12/28/2018,00:00:00,REGULAR,8284794,6496293
H039,R375,00-00-02,NEW LOTS,L,BMT,12/28/2018,00:00:00,REGULAR,5259076,10735366
H039,R375,00-00-00,NEW LOTS,L,BMT,12/28/2018,00:00:00,REGULAR,3143011,4102038
H039,R375,00-00-00,NEW LOTS,L,BMT,12/28/2018,00:00:00,REGULAR,3143011,4102038
H039,R375,00-00-02,NEW LOTS,L,BMT,12/28/2018,00:00:00,REGULAR,5259076,10735366
H039,R375,00-00-01,NEW LOTS,L,BMT,12/28/2018,00:00:00,REGULAR,8284794,6496293
H040,R376,00-00-00,EAST 105 ST,L,BMT,12/28/2018,00:00:00,REGULAR,9152047,7313843
H040,R376,00-00-01,EAST 105 ST,L,BMT,12/28/2018,00:00:00,REGULAR,8161799,7969843
H040,R376,00-00-03,EAST 105 ST,L,BMT,12/28/2018,00:00:00,REGULAR,2431349,2149797
H040,R376,00-00-00,EAST 105 ST,L,BMT,12/28/2018,00:00:00,REGULAR,9152047,7313843
H040,R376,00-00-02,EAST 105 ST,L,BMT,12/28/2018,00:00:00,REGULAR,3923256,4355221
H040,R376,00-00-02,EAST 105 ST,L,BMT,12/28/2018,00:00:00,REGULAR,3923256,4355221
H040,R376,00-00-01,EAST 105 ST,L,BMT,12/28/2018,00:00:00,REGULAR,8161799,7969843
H040,R376,00-00-03,EAST 105 ST,L,BMT,12/28/2018,00:00:00,REGULAR,2431349,2149797
H041,R152,00-00-03,CANARSIE-ROCKAW,L,BMT,12/28/2018,00:00:00,REGULAR,14436152,6350319
H041,R152,00-06-00,CANARSIE-ROCKAW,L,BMT,12/28/2018,00:00:00,REGULAR,123869,4464
H041,R152,00-00-02,CANARSIE-ROCKAW,L,BMT,12/28/2018,00:00:00,REGULAR,17152432,4950694
H041,R152,00-00-02,CANARSIE-ROCKAW,L,BMT,12/28/2018,00:00:00,REGULAR,17152432,4950694
H041,R152,00-00-04,CANARSIE-ROCKAW,L,BMT,12/28/2018,00:00:00,REGULAR,4232137,1629894
H041,R152,00-05-00,CANARSIE-ROCKAW,L,BMT,12/28/2018,00:00:00,REGULAR,2328,0
H041,R152,00-05-01,CANARSIE-ROCKAW,L,BMT,12/28/2018,00:00:00,REGULAR,0,61
H041,R152,00-05-01,CANARSIE-ROCKAW,L,BMT,12/28/2018,00:00:00,REGULAR,0,61
H041,R152,00-06-00,CANARSIE-ROCKAW,L,BMT,12/28/2018,00:00:00,REGULAR,123869,4464
H041,R152,00-00-01,CANARSIE-ROCKAW,L,BMT,12/28/2018,00:00:00,REGULAR,15160260,7453805
H041,R152,00-00-01,CANARSIE-ROCKAW,L,BMT,12/28/2018,00:00:00,REGULAR,15160260,7453805
H041,R152,00-00-04,CANARSIE-ROCKAW,L,BMT,12/28/2018,00:00:00,REGULAR,4232137,1629894
H041,R152,00-05-00,CANARSIE-ROCKAW,L,BMT,12/28/2018,00:00:00,REGULAR,2328,0
H041,R152,00-06-01,CANARSIE-ROCKAW,L,BMT,12/28/2018,00:00:00,REGULAR,6264313,431247
H041,R152,00-06-01,CANARSIE-ROCKAW,L,BMT,12/28/2018,00:00:00,REGULAR,6264313,431247
H041,R152,00-00-03,CANARSIE-ROCKAW,L,BMT,12/28/2018,00:00:00,REGULAR,14436152,6350319
H041,R152,00-00-00,CANARSIE-ROCKAW,L,BMT,12/28/2018,00:00:00,REGULAR,3562738,2756869
H041,R152,00-00-00,CANARSIE-ROCKAW,L,BMT,12/28/2018,00:00:00,REGULAR,3562738,2756869
J001,R460,01-05-01,MARCY AV,JMZ,BMT,12/28/2018,00:00:00,REGULAR,0,55
J001,R460,01-00-00,MARCY AV,JMZ,BMT,12/28/2018,00:00:00,REGULAR,7781486,1067937
J001,R460,01-00-02,MARCY AV,JMZ,BMT,12/28/2018,00:00:00,REGULAR,9486867,1614525
J001,R460,01-00-02,MARCY AV,JMZ,BMT,12/28/2018,00:00:00,REGULAR,9486867,1614525
J001,R460,01-00-00,MARCY AV,JMZ,BMT,12/28/2018,00:00:00,REGULAR,7781486,1067937
J001,R460,01-05-01,MARCY AV,JMZ,BMT,12/28/2018,00:00:00,REGULAR,0,55
J001,R460,01-05-00,MARCY AV,JMZ,BMT,12/28/2018,00:00:00,REGULAR,2142,0
J001,R460,01-00-01,MARCY AV,JMZ,BMT,12/28/2018,00:00:00,REGULAR,8831596,2417638
J001,R460,01-00-01,MARCY AV,JMZ,BMT,12/28/2018,00:00:00,REGULAR,8831596,2417638
J001,R460,01-05-00,MARCY AV,JMZ,BMT,12/28/2018,00:00:00,REGULAR,2142,0
J002,R460,00-00-01,MARCY AV,JMZ,BMT,12/28/2018,00:00:00,REGULAR,2399595,1018064
J002,R460,00-00-02,MARCY AV,JMZ,BMT,12/28/2018,00:00:00,REGULAR,642894,487127
J002,R460,00-06-00,MARCY AV,JMZ,BMT,12/28/2018,00:00:00,REGULAR,1839549,3793558
J002,R460,00-06-00,MARCY AV,JMZ,BMT,12/28/2018,00:00:00,REGULAR,1839549,3793558
J002,R460,00-00-00,MARCY AV,JMZ,BMT,12/28/2018,00:00:00,REGULAR,1821183,385820
J002,R460,00-00-00,MARCY AV,JMZ,BMT,12/28/2018,00:00:00,REGULAR,1821183,385820
J002,R460,00-05-00,MARCY AV,JMZ,BMT,12/28/2018,00:00:00,REGULAR,117440907,0
J002,R460,00-05-01,MARCY AV,JMZ,BMT,12/28/2018,00:00:00,REGULAR,0,340
J002,R460,00-00-02,MARCY AV,JMZ,BMT,12/28/2018,00:00:00,REGULAR,642894,487127
J002,R460,00-00-01,MARCY AV,JMZ,BMT,12/28/2018,00:00:00,REGULAR,2399595,1018064
J002,R460,00-05-01,MARCY AV,JMZ,BMT,12/28/2018,00:00:00,REGULAR,0,340
J002,R460,00-05-00,MARCY AV,JMZ,BMT,12/28/2018,00:00:00,REGULAR,117440907,0
J003,R352,00-00-01,HEWES ST,JM,BMT,12/28/2018,00:00:00,REGULAR,2757178,1109641
J003,R352,00-03-01,HEWES ST,JM,BMT,12/28/2018,00:00:00,REGULAR,4179,3586
J003,R352,00-03-00,HEWES ST,JM,BMT,12/28/2018,00:00:00,REGULAR,9241,4302
J003,R352,00-00-02,HEWES ST,JM,BMT,12/28/2018,00:00:00,REGULAR,1006227,1148185
J003,R352,00-03-01,HEWES ST,JM,BMT,12/28/2018,00:00:00,REGULAR,4179,3586
J003,R352,00-06-00,HEWES ST,JM,BMT,12/28/2018,00:00:00,REGULAR,2843,14716
J003,R352,00-06-01,HEWES ST,JM,BMT,12/28/2018,00:00:00,REGULAR,2115,2329
J003,R352,00-06-01,HEWES ST,JM,BMT,12/28/2018,00:00:00,REGULAR,2115,2329
J003,R352,00-00-02,HEWES ST,JM,BMT,12/28/2018,00:00:00,REGULAR,1006227,1148185
J003,R352,00-00-01,HEWES ST,JM,BMT,12/28/2018,00:00:00,REGULAR,2757178,1109641
J003,R352,00-00-00,HEWES ST,JM,BMT,12/28/2018,00:00:00,REGULAR,7860101,2466948
J003,R352,00-03-00,HEWES ST,JM,BMT,12/28/2018,00:00:00,REGULAR,9241,4302
J003,R352,00-06-00,HEWES ST,JM,BMT,12/28/2018,00:00:00,REGULAR,2843,14716
J003,R352,00-00-00,HEWES ST,JM,BMT,12/28/2018,00:00:00,REGULAR,7860101,2466948
J005,R353,00-00-01,LORIMER ST,JM,BMT,12/28/2018,00:00:00,REGULAR,838792,323134
J005,R353,00-03-01,LORIMER ST,JM,BMT,12/28/2018,00:00:00,REGULAR,29041,94538
J005,R353,00-06-01,LORIMER ST,JM,BMT,12/28/2018,00:00:00,REGULAR,232865,76849
J005,R353,00-06-01,LORIMER ST,JM,BMT,12/28/2018,00:00:00,REGULAR,232865,76849
J005,R353,00-06-00,LORIMER ST,JM,BMT,12/28/2018,00:00:00,REGULAR,70997,50789
J005,R353,00-00-00,LORIMER ST,JM,BMT,12/28/2018,00:00:00,REGULAR,5348202,1714478
J005,R353,00-03-01,LORIMER ST,JM,BMT,12/28/2018,00:00:00,REGULAR,29041,94538
J005,R353,00-03-00,LORIMER ST,JM,BMT,12/28/2018,00:00:00,REGULAR,24142,235270
J005,R353,00-03-00,LORIMER ST,JM,BMT,12/28/2018,00:00:00,REGULAR,24142,235270
J005,R353,00-00-02,LORIMER ST,JM,BMT,12/28/2018,00:00:00,REGULAR,2177721,1964173
J005,R353,00-00-02,LORIMER ST,JM,BMT,12/28/2018,00:00:00,REGULAR,2177721,1964173
J005,R353,00-00-01,LORIMER ST,JM,BMT,12/28/2018,00:00:00,REGULAR,838792,323134
J005,R353,00-00-00,LORIMER ST,JM,BMT,12/28/2018,00:00:00,REGULAR,5348202,1714478
J005,R353,00-06-00,LORIMER ST,JM,BMT,12/28/2018,00:00:00,REGULAR,70997,50789
J007,R377,00-03-00,FLUSHING AV,JM,BMT,12/28/2018,00:00:00,REGULAR,70192,324686
J007,R377,00-06-01,FLUSHING AV,JM,BMT,12/28/2018,00:00:00,REGULAR,10702600,11305124
J007,R377,00-00-02,FLUSHING AV,JM,BMT,12/28/2018,00:00:00,REGULAR,4947182,943533
J007,R377,00-00-01,FLUSHING AV,JM,BMT,12/28/2018,00:00:00,REGULAR,11949128,4818086
J007,R377,00-05-00,FLUSHING AV,JM,BMT,12/28/2018,00:00:00,REGULAR,458809,3
J007,R377,00-03-01,FLUSHING AV,JM,BMT,12/28/2018,00:00:00,REGULAR,30358,91641
J007,R377,00-06-00,FLUSHING AV,JM,BMT,12/28/2018,00:00:00,REGULAR,131366,94624
J007,R377,00-00-02,FLUSHING AV,JM,BMT,12/28/2018,00:00:00,REGULAR,4947182,943533
J007,R377,00-00-00,FLUSHING AV,JM,BMT,12/28/2018,00:00:00,REGULAR,16196562,10578826
J007,R377,00-06-00,FLUSHING AV,JM,BMT,12/28/2018,00:00:00,REGULAR,131366,94624
J007,R377,00-06-01,FLUSHING AV,JM,BMT,12/28/2018,00:00:00,REGULAR,10702600,11305124
J007,R377,00-00-00,FLUSHING AV,JM,BMT,12/28/2018,00:00:00,REGULAR,16196562,10578826
J007,R377,00-00-01,FLUSHING AV,JM,BMT,12/28/2018,00:00:00,REGULAR,11949128,4818086
J007,R377,00-05-00,FLUSHING AV,JM,BMT,12/28/2018,00:00:00,REGULAR,458809,3
J007,R377,00-05-01,FLUSHING AV,JM,BMT,12/28/2018,00:00:00,REGULAR,458752,9
J007,R377,00-05-01,FLUSHING AV,JM,BMT,12/28/2018,00:00:00,REGULAR,458752,9
J007,R377,00-03-01,FLUSHING AV,JM,BMT,12/28/2018,00:00:00,REGULAR,30358,91641
J007,R377,00-03-00,FLUSHING AV,JM,BMT,12/28/2018,00:00:00,REGULAR,70192,324686
J009,R378,00-00-02,MYRTLE AV,JMZ,BMT,12/28/2018,00:00:00,REGULAR,13693295,7346619
J009,R378,00-00-01,MYRTLE AV,JMZ,BMT,12/28/2018,00:00:00,REGULAR,1765736,1195691
J009,R378,00-00-01,MYRTLE AV,JMZ,BMT,12/28/2018,00:00:00,REGULAR,1765736,1195691
J009,R378,00-00-02,MYRTLE AV,JMZ,BMT,12/28/2018,00:00:00,REGULAR,13693295,7346619
J009,R378,00-00-00,MYRTLE AV,JMZ,BMT,12/28/2018,00:00:00,REGULAR,15001971,23040642
J009,R378,00-00-03,MYRTLE AV,JMZ,BMT,12/28/2018,00:00:00,REGULAR,10125672,1678821
J009,R378,00-00-03,MYRTLE AV,JMZ,BMT,12/28/2018,00:00:00,REGULAR,10125672,1678821
J009,R378,00-00-00,MYRTLE AV,JMZ,BMT,12/28/2018,00:00:00,REGULAR,15001971,23040642
J012,R379,00-00-01,KOSCIUSZKO ST,J,BMT,12/28/2018,00:00:00,REGULAR,1064896,349366
J012,R379,00-00-01,KOSCIUSZKO ST,J,BMT,12/28/2018,00:00:00,REGULAR,1064896,349366
J012,R379,00-00-02,KOSCIUSZKO ST,J,BMT,12/28/2018,00:00:00,REGULAR,8113943,4027228
J012,R379,00-00-00,KOSCIUSZKO ST,J,BMT,12/28/2018,00:00:00,REGULAR,3795566,2233520
J012,R379,00-00-00,KOSCIUSZKO ST,J,BMT,12/28/2018,00:00:00,REGULAR,3795566,2233520
J012,R379,00-00-02,KOSCIUSZKO ST,J,BMT,12/28/2018,00:00:00,REGULAR,8113943,4027228
J013,R380,00-00-01,GATES AV,JZ,BMT,12/28/2018,00:00:00,REGULAR,2793564,1130153
J013,R380,00-00-02,GATES AV,JZ,BMT,12/28/2018,00:00:00,REGULAR,1586915,830154
J013,R380,00-00-02,GATES AV,JZ,BMT,12/28/2018,00:00:00,REGULAR,1586915,830154
J013,R380,00-00-01,GATES AV,JZ,BMT,12/28/2018,00:00:00,REGULAR,2793564,1130153
J013,R380,00-00-00,GATES AV,JZ,BMT,12/28/2018,00:00:00,REGULAR,4721853,1575588
J013,R380,00-00-00,GATES AV,JZ,BMT,12/28/2018,00:00:00,REGULAR,4721853,1575588
J016,R381,00-00-01,HALSEY ST,J,BMT,12/28/2018,00:00:00,REGULAR,2786343,1407394
J016,R381,00-00-02,HALSEY ST,J,BMT,12/28/2018,00:00:00,REGULAR,17378566,5748710
J016,R381,00-00-00,HALSEY ST,J,BMT,12/28/2018,00:00:00,REGULAR,1582561,1480621
J016,R381,00-00-00,HALSEY ST,J,BMT,12/28/2018,00:00:00,REGULAR,1582561,1480621
J016,R381,00-00-02,HALSEY ST,J,BMT,12/28/2018,00:00:00,REGULAR,17378566,5748710
J016,R381,00-00-01,HALSEY ST,J,BMT,12/28/2018,00:00:00,REGULAR,2786343,1407394
J017,R432,00-00-00,CHAUNCEY ST,JZ,BMT,12/28/2018,00:00:00,REGULAR,199572,60529
J017,R432,00-00-00,CHAUNCEY ST,JZ,BMT,12/28/2018,00:00:00,REGULAR,199572,60529
J017,R432,00-00-02,CHAUNCEY ST,JZ,BMT,12/28/2018,00:00:00,REGULAR,1290414,1122441
J017,R432,00-00-02,CHAUNCEY ST,JZ,BMT,12/28/2018,00:00:00,REGULAR,1290414,1122441
J017,R432,00-00-01,CHAUNCEY ST,JZ,BMT,12/28/2018,00:00:00,REGULAR,5727218,2170819
J017,R432,00-00-01,CHAUNCEY ST,JZ,BMT,12/28/2018,00:00:00,REGULAR,5727218,2170819
J020,R433,00-00-00,ALABAMA AV,J,BMT,12/28/2018,00:00:00,REGULAR,2012927,1623546
J020,R433,00-00-01,ALABAMA AV,J,BMT,12/28/2018,00:00:00,REGULAR,348922,339286
J020,R433,00-00-01,ALABAMA AV,J,BMT,12/28/2018,00:00:00,REGULAR,348922,339286
J020,R433,00-00-02,ALABAMA AV,J,BMT,12/28/2018,00:00:00,REGULAR,5284128,6315448
J020,R433,00-00-02,ALABAMA AV,J,BMT,12/28/2018,00:00:00,REGULAR,5284128,6315448
J020,R433,00-00-00,ALABAMA AV,J,BMT,12/28/2018,00:00:00,REGULAR,2012927,1623546
J021,R434,00-00-02,VAN SICLEN AV,JZ,BMT,12/28/2018,00:00:00,REGULAR,6863839,5778115
J021,R434,00-00-00,VAN SICLEN AV,JZ,BMT,12/28/2018,00:00:00,REGULAR,2786288,2508313
J021,R434,00-00-00,VAN SICLEN AV,JZ,BMT,12/28/2018,00:00:00,REGULAR,2786288,2508313
J021,R434,00-00-02,VAN SICLEN AV,JZ,BMT,12/28/2018,00:00:00,REGULAR,6863839,5778115
J021,R434,00-00-01,VAN SICLEN AV,JZ,BMT,12/28/2018,00:00:00,REGULAR,5245090,6416662
J021,R434,00-00-01,VAN SICLEN AV,JZ,BMT,12/28/2018,00:00:00,REGULAR,5245090,6416662
J022,R435,00-00-00,CLEVELAND ST,J,BMT,12/28/2018,00:00:00,REGULAR,4427124,4794981
J022,R435,00-00-00,CLEVELAND ST,J,BMT,12/28/2018,00:00:00,REGULAR,4427124,4794981
J022,R435,00-00-01,CLEVELAND ST,J,BMT,12/28/2018,00:00:00,REGULAR,5025630,4549868
J022,R435,00-00-01,CLEVELAND ST,J,BMT,12/28/2018,00:00:00,REGULAR,5025630,4549868
J023,R436,00-00-01,NORWOOD AV,JZ,BMT,12/28/2018,00:00:00,REGULAR,2374458,2214571
J023,R436,00-00-01,NORWOOD AV,JZ,BMT,12/28/2018,00:00:00,REGULAR,2374458,2214571
J023,R436,00-00-02,NORWOOD AV,JZ,BMT,12/28/2018,00:00:00,REGULAR,3174041,2264754
J023,R436,00-00-02,NORWOOD AV,JZ,BMT,12/28/2018,00:00:00,REGULAR,3174041,2264754
J023,R436,00-00-00,NORWOOD AV,JZ,BMT,12/28/2018,00:00:00,REGULAR,6859285,9009429
J023,R436,00-00-00,NORWOOD AV,JZ,BMT,12/28/2018,00:00:00,REGULAR,6859285,9009429
J024,R437,00-00-00,CRESCENT ST,JZ,BMT,12/28/2018,00:00:00,REGULAR,546548,1011870
J024,R437,00-00-02,CRESCENT ST,JZ,BMT,12/28/2018,00:00:00,REGULAR,11288141,8215852
J024,R437,00-00-02,CRESCENT ST,JZ,BMT,12/28/2018,00:00:00,REGULAR,11288141,8215852
J024,R437,00-00-01,CRESCENT ST,JZ,BMT,12/28/2018,00:00:00,REGULAR,5681606,6556082
J024,R437,00-00-01,CRESCENT ST,JZ,BMT,12/28/2018,00:00:00,REGULAR,5681606,6556082
J024,R437,00-00-00,CRESCENT ST,JZ,BMT,12/28/2018,00:00:00,REGULAR,546548,1011870
JFK01,R535,00-00-03,HOWARD BCH JFK,A,IND,12/28/2018,00:00:00,REGULAR,15599,101137
JFK01,R535,00-00-02,HOWARD BCH JFK,A,IND,12/28/2018,00:00:00,REGULAR,110320,230775
JFK01,R535,00-00-02,HOWARD BCH JFK,A,IND,12/28/2018,00:00:00,REGULAR,110320,230775
JFK01,R535,00-00-01,HOWARD BCH JFK,A,IND,12/28/2018,00:00:00,REGULAR,47605,277527
JFK01,R535,00-00-01,HOWARD BCH JFK,A,IND,12/28/2018,00:00:00,REGULAR,47605,277527
JFK01,R535,00-00-03,HOWARD BCH JFK,A,IND,12/28/2018,00:00:00,REGULAR,15599,101137
JFK02,R535,01-00-05,HOWARD BCH JFK,A,IND,12/28/2018,00:00:00,REGULAR,60226,181344
JFK02,R535,01-00-02,HOWARD BCH JFK,A,IND,12/28/2018,00:00:00,REGULAR,67035,144009
JFK02,R535,01-00-06,HOWARD BCH JFK,A,IND,12/28/2018,00:00:00,REGULAR,5429,13351
JFK02,R535,01-00-04,HOWARD BCH JFK,A,IND,12/28/2018,00:00:00,REGULAR,152969,341985
JFK02,R535,01-00-03,HOWARD BCH JFK,A,IND,12/28/2018,00:00:00,REGULAR,22519,63240
JFK02,R535,01-00-01,HOWARD BCH JFK,A,IND,12/28/2018,00:00:00,REGULAR,139110,385154
JFK02,R535,01-00-02,HOWARD BCH JFK,A,IND,12/28/2018,00:00:00,REGULAR,67035,144009
JFK02,R535,01-00-03,HOWARD BCH JFK,A,IND,12/28/2018,00:00:00,REGULAR,22519,63240
JFK02,R535,01-00-04,HOWARD BCH JFK,A,IND,12/28/2018,00:00:00,REGULAR,152969,341985
JFK02,R535,01-00-06,HOWARD BCH JFK,A,IND,12/28/2018,00:00:00,REGULAR,5429,13351
JFK02,R535,01-00-01,HOWARD BCH JFK,A,IND,12/28/2018,00:00:00,REGULAR,139110,385154
JFK02,R535,01-00-05,HOWARD BCH JFK,A,IND,12/28/2018,00:00:00,REGULAR,60226,181344
JFK03,R536,00-00-02,JFK JAMAICA CT1,E,IND,12/28/2018,00:00:00,REGULAR,160564,50031
JFK03,R536,00-00-03,JFK JAMAICA CT1,E,IND,12/28/2018,00:00:00,REGULAR,44538,19350
JFK03,R536,00-03-04,JFK JAMAICA CT1,E,IND,12/28/2018,00:00:00,REGULAR,68862,344979
JFK03,R536,00-03-01,JFK JAMAICA CT1,E,IND,12/28/2018,00:00:00,REGULAR,262237,449631
JFK03,R536,00-00-03,JFK JAMAICA CT1,E,IND,12/28/2018,00:00:00,REGULAR,44538,19350
JFK03,R536,00-03-02,JFK JAMAICA CT1,E,IND,12/28/2018,00:00:00,REGULAR,154853,43912
JFK03,R536,00-00-01,JFK JAMAICA CT1,E,IND,12/28/2018,00:00:00,REGULAR,406440,263606
JFK03,R536,00-00-05,JFK JAMAICA CT1,E,IND,12/28/2018,00:00:00,REGULAR,43342,32264
JFK03,R536,00-00-04,JFK JAMAICA CT1,E,IND,12/28/2018,00:00:00,REGULAR,200856,116184
JFK03,R536,00-03-03,JFK JAMAICA CT1,E,IND,12/28/2018,00:00:00,REGULAR,21556,5052
JFK03,R536,00-00-05,JFK JAMAICA CT1,E,IND,12/28/2018,00:00:00,REGULAR,43342,32264
JFK03,R536,00-00-02,JFK JAMAICA CT1,E,IND,12/28/2018,00:00:00,REGULAR,160564,50031
JFK03,R536,00-03-03,JFK JAMAICA CT1,E,IND,12/28/2018,00:00:00,REGULAR,21556,5052
JFK03,R536,00-00-04,JFK JAMAICA CT1,E,IND,12/28/2018,00:00:00,REGULAR,200856,116184
JFK03,R536,00-03-02,JFK JAMAICA CT1,E,IND,12/28/2018,00:00:00,REGULAR,154853,43912
JFK03,R536,00-00-01,JFK JAMAICA CT1,E,IND,12/28/2018,00:00:00,REGULAR,406440,263606
JFK03,R536,00-03-00,JFK JAMAICA CT1,E,IND,12/28/2018,00:00:00,REGULAR,58876,68722
JFK03,R536,00-03-00,JFK JAMAICA CT1,E,IND,12/28/2018,00:00:00,REGULAR,58876,68722
JFK03,R536,00-03-01,JFK JAMAICA CT1,E,IND,12/28/2018,00:00:00,REGULAR,262237,449631
JFK03,R536,00-03-04,JFK JAMAICA CT1,E,IND,12/28/2018,00:00:00,REGULAR,68862,344979
K017,R401,00-00-01,CENTRAL AV,M,BMT,12/28/2018,00:00:00,REGULAR,2548392,3641984
K017,R401,00-00-01,CENTRAL AV,M,BMT,12/28/2018,00:00:00,REGULAR,2548392,3641984
K017,R401,00-00-00,CENTRAL AV,M,BMT,12/28/2018,00:00:00,REGULAR,681468,2309890
K017,R401,00-03-00,CENTRAL AV,M,BMT,12/28/2018,00:00:00,REGULAR,1261372,562322
K017,R401,00-03-00,CENTRAL AV,M,BMT,12/28/2018,00:00:00,REGULAR,1261372,562322
K017,R401,00-03-01,CENTRAL AV,M,BMT,12/28/2018,00:00:00,REGULAR,2072320,596206
K017,R401,00-03-01,CENTRAL AV,M,BMT,12/28/2018,00:00:00,REGULAR,2072320,596206
K017,R401,00-00-00,CENTRAL AV,M,BMT,12/28/2018,00:00:00,REGULAR,681468,2309890
K019,R413,00-00-01,KNICKERBOCKER,M,BMT,12/28/2018,00:00:00,REGULAR,2000781,2021613
K019,R413,00-00-00,KNICKERBOCKER,M,BMT,12/28/2018,00:00:00,REGULAR,1311262,4689651
K019,R413,00-00-00,KNICKERBOCKER,M,BMT,12/28/2018,00:00:00,REGULAR,1311262,4689651
K019,R413,00-00-01,KNICKERBOCKER,M,BMT,12/28/2018,00:00:00,REGULAR,2000781,2021613
K019,R413,00-03-01,KNICKERBOCKER,M,BMT,12/28/2018,00:00:00,REGULAR,3608684,1550840
K019,R413,00-03-00,KNICKERBOCKER,M,BMT,12/28/2018,00:00:00,REGULAR,4172199,1925752
K019,R413,00-03-00,KNICKERBOCKER,M,BMT,12/28/2018,00:00:00,REGULAR,4172199,1925752
K019,R413,00-03-01,KNICKERBOCKER,M,BMT,12/28/2018,00:00:00,REGULAR,3608684,1550840
K022,R402,00-03-00,SENECA AVE,M,BMT,12/28/2018,00:00:00,REGULAR,1683381,1482910
K022,R402,00-00-00,SENECA AVE,M,BMT,12/28/2018,00:00:00,REGULAR,2167929,2746321
K022,R402,00-00-01,SENECA AVE,M,BMT,12/28/2018,00:00:00,REGULAR,1086986,838531
K022,R402,00-00-01,SENECA AVE,M,BMT,12/28/2018,00:00:00,REGULAR,1086986,838531
K022,R402,00-00-00,SENECA AVE,M,BMT,12/28/2018,00:00:00,REGULAR,2167929,2746321
K022,R402,00-03-01,SENECA AVE,M,BMT,12/28/2018,00:00:00,REGULAR,2011728,2442802
K022,R402,00-03-01,SENECA AVE,M,BMT,12/28/2018,00:00:00,REGULAR,2011728,2442802
K022,R402,00-03-00,SENECA AVE,M,BMT,12/28/2018,00:00:00,REGULAR,1683381,1482910
K024,R403,00-00-01,FOREST AVE,M,BMT,12/28/2018,00:00:00,REGULAR,6206993,5730427
K024,R403,00-00-01,FOREST AVE,M,BMT,12/28/2018,00:00:00,REGULAR,6206993,5730427
K024,R403,00-00-02,FOREST AVE,M,BMT,12/28/2018,00:00:00,REGULAR,4532189,2683438
K024,R403,00-00-02,FOREST AVE,M,BMT,12/28/2018,00:00:00,REGULAR,4532189,2683438
K024,R403,00-00-00,FOREST AVE,M,BMT,12/28/2018,00:00:00,REGULAR,3739104,4715363
K024,R403,00-00-00,FOREST AVE,M,BMT,12/28/2018,00:00:00,REGULAR,3739104,4715363
K025,R404,00-03-03,FRESH POND RD,M,BMT,12/28/2018,00:00:00,REGULAR,820994,411497
K025,R404,00-00-03,FRESH POND RD,M,BMT,12/28/2018,00:00:00,REGULAR,682174,597742
K025,R404,00-03-00,FRESH POND RD,M,BMT,12/28/2018,00:00:00,REGULAR,14308068,5728962
K025,R404,00-03-02,FRESH POND RD,M,BMT,12/28/2018,00:00:00,REGULAR,163302,109192
K025,R404,00-00-01,FRESH POND RD,M,BMT,12/28/2018,00:00:00,REGULAR,908566,1255518
K025,R404,00-00-02,FRESH POND RD,M,BMT,12/28/2018,00:00:00,REGULAR,3719515,276366
K025,R404,00-00-03,FRESH POND RD,M,BMT,12/28/2018,00:00:00,REGULAR,682174,597742
K025,R404,00-03-03,FRESH POND RD,M,BMT,12/28/2018,00:00:00,REGULAR,820994,411497
K025,R404,00-00-02,FRESH POND RD,M,BMT,12/28/2018,00:00:00,REGULAR,3719515,276366
K025,R404,00-00-00,FRESH POND RD,M,BMT,12/28/2018,00:00:00,REGULAR,4344087,3518473
K025,R404,00-03-02,FRESH POND RD,M,BMT,12/28/2018,00:00:00,REGULAR,163302,109192
K025,R404,00-00-01,FRESH POND RD,M,BMT,12/28/2018,00:00:00,REGULAR,908566,1255518
K025,R404,00-03-01,FRESH POND RD,M,BMT,12/28/2018,00:00:00,REGULAR,565473,412199
K025,R404,00-03-01,FRESH POND RD,M,BMT,12/28/2018,00:00:00,REGULAR,565473,412199
K025,R404,00-00-00,FRESH POND RD,M,BMT,12/28/2018,00:00:00,REGULAR,4344087,3518473
K025,R404,00-03-00,FRESH POND RD,M,BMT,12/28/2018,00:00:00,REGULAR,14308068,5728962
N001,R173,01-06-03,INWOOD-207 ST,A,IND,12/28/2018,00:00:00,REGULAR,567565,274716
N001,R173,01-06-00,INWOOD-207 ST,A,IND,12/28/2018,00:00:00,REGULAR,4680678,846242
N001,R173,01-06-00,INWOOD-207 ST,A,IND,12/28/2018,00:00:00,REGULAR,4680678,846242
N001,R173,01-06-01,INWOOD-207 ST,A,IND,12/28/2018,00:00:00,REGULAR,201936255,369535
N001,R173,01-05-00,INWOOD-207 ST,A,IND,12/28/2018,00:00:00,REGULAR,444,0
N001,R173,01-06-02,INWOOD-207 ST,A,IND,12/28/2018,00:00:00,REGULAR,971124,706465
N001,R173,01-06-02,INWOOD-207 ST,A,IND,12/28/2018,00:00:00,REGULAR,971124,706465
N001,R173,01-05-00,INWOOD-207 ST,A,IND,12/28/2018,00:00:00,REGULAR,444,0
N001,R173,01-06-01,INWOOD-207 ST,A,IND,12/28/2018,00:00:00,REGULAR,201936255,369535
N001,R173,01-05-01,INWOOD-207 ST,A,IND,12/28/2018,00:00:00,REGULAR,67108872,16777541
N001,R173,01-05-01,INWOOD-207 ST,A,IND,12/28/2018,00:00:00,REGULAR,67108872,16777541
N001,R173,01-06-03,INWOOD-207 ST,A,IND,12/28/2018,00:00:00,REGULAR,567565,274716
N002A,R173,00-00-00,INWOOD-207 ST,A,IND,12/28/2018,00:00:00,REGULAR,6242348,3639816
N002A,R173,00-05-01,INWOOD-207 ST,A,IND,12/28/2018,00:00:00,REGULAR,0,583
N002A,R173,00-00-01,INWOOD-207 ST,A,IND,12/28/2018,00:00:00,REGULAR,9717723,5596144
N002A,R173,00-00-01,INWOOD-207 ST,A,IND,12/28/2018,00:00:00,REGULAR,9717723,5596144
N002A,R173,00-05-01,INWOOD-207 ST,A,IND,12/28/2018,00:00:00,REGULAR,0,583
N002A,R173,00-05-00,INWOOD-207 ST,A,IND,12/28/2018,00:00:00,REGULAR,3805,0
N002A,R173,00-00-02,INWOOD-207 ST,A,IND,12/28/2018,00:00:00,REGULAR,6971914,3978271
N002A,R173,00-00-02,INWOOD-207 ST,A,IND,12/28/2018,00:00:00,REGULAR,6971914,3978271
N002A,R173,00-05-00,INWOOD-207 ST,A,IND,12/28/2018,00:00:00,REGULAR,3805,0
N002A,R173,00-00-00,INWOOD-207 ST,A,IND,12/28/2018,00:00:00,REGULAR,6242348,3639816
N003,R185,00-00-00,DYCKMAN ST,A,IND,12/28/2018,00:00:00,REGULAR,10763706,359873
N003,R185,00-00-01,DYCKMAN ST,A,IND,12/28/2018,00:00:00,REGULAR,12641326,269993
N003,R185,00-00-02,DYCKMAN ST,A,IND,12/28/2018,00:00:00,REGULAR,6946273,179809
N003,R185,00-00-00,DYCKMAN ST,A,IND,12/28/2018,00:00:00,REGULAR,10763706,359873
N003,R185,00-00-01,DYCKMAN ST,A,IND,12/28/2018,00:00:00,REGULAR,12641326,269993
N003,R185,00-00-02,DYCKMAN ST,A,IND,12/28/2018,00:00:00,REGULAR,6946273,179809
N007A,R174,00-00-02,181 ST,A,IND,12/28/2018,00:00:00,REGULAR,9624748,6384005
N007A,R174,00-00-00,181 ST,A,IND,12/28/2018,00:00:00,REGULAR,10075476,10689861
N007A,R174,00-00-01,181 ST,A,IND,12/28/2018,00:00:00,REGULAR,14363287,8300189
N007A,R174,00-00-02,181 ST,A,IND,12/28/2018,00:00:00,REGULAR,9624748,6384005
N007A,R174,00-00-00,181 ST,A,IND,12/28/2018,00:00:00,REGULAR,10075476,10689861
N007A,R174,00-00-01,181 ST,A,IND,12/28/2018,00:00:00,REGULAR,14363287,8300189
N009,R174,01-00-00,181 ST,A,IND,12/28/2018,00:00:00,REGULAR,10028477,3285693
N009,R174,01-00-02,181 ST,A,IND,12/28/2018,00:00:00,REGULAR,9803158,16066290
N009,R174,01-00-02,181 ST,A,IND,12/28/2018,00:00:00,REGULAR,9803158,16066290
N009,R174,01-00-00,181 ST,A,IND,12/28/2018,00:00:00,REGULAR,10028477,3285693
N009,R174,01-00-01,181 ST,A,IND,12/28/2018,00:00:00,REGULAR,7775040,6281654
N009,R174,01-00-01,181 ST,A,IND,12/28/2018,00:00:00,REGULAR,7775040,6281654
N016A,R296,00-03-02,163 ST-AMSTERDM,C,IND,12/28/2018,00:00:00,REGULAR,32316,26312
N016A,R296,00-00-00,163 ST-AMSTERDM,C,IND,12/28/2018,00:00:00,REGULAR,8457454,609473
N016A,R296,00-03-01,163 ST-AMSTERDM,C,IND,12/28/2018,00:00:00,REGULAR,413295,2528070
N016A,R296,00-00-03,163 ST-AMSTERDM,C,IND,12/28/2018,00:00:00,REGULAR,41624,47702
N016A,R296,00-00-03,163 ST-AMSTERDM,C,IND,12/28/2018,00:00:00,REGULAR,41624,47702
N016A,R296,00-00-01,163 ST-AMSTERDM,C,IND,12/28/2018,00:00:00,REGULAR,29384,20742
N016A,R296,00-03-00,163 ST-AMSTERDM,C,IND,12/28/2018,00:00:00,REGULAR,393428,5733480
N016A,R296,00-03-03,163 ST-AMSTERDM,C,IND,12/28/2018,00:00:00,REGULAR,91247,27495
N016A,R296,00-00-00,163 ST-AMSTERDM,C,IND,12/28/2018,00:00:00,REGULAR,8457454,609473
N016A,R296,00-00-02,163 ST-AMSTERDM,C,IND,12/28/2018,00:00:00,REGULAR,9225595,1048638
N016A,R296,00-00-02,163 ST-AMSTERDM,C,IND,12/28/2018,00:00:00,REGULAR,9225595,1048638
N016A,R296,00-03-01,163 ST-AMSTERDM,C,IND,12/28/2018,00:00:00,REGULAR,413295,2528070
N016A,R296,00-00-01,163 ST-AMSTERDM,C,IND,12/28/2018,00:00:00,REGULAR,29384,20742
N016A,R296,00-03-02,163 ST-AMSTERDM,C,IND,12/28/2018,00:00:00,REGULAR,32316,26312
N016A,R296,00-03-03,163 ST-AMSTERDM,C,IND,12/28/2018,00:00:00,REGULAR,91247,27495
N016A,R296,00-03-00,163 ST-AMSTERDM,C,IND,12/28/2018,00:00:00,REGULAR,393428,5733480
N017,R331,00-00-00,155 ST,C,IND,12/28/2018,00:00:00,REGULAR,2278835,5191485
N017,R331,00-00-01,155 ST,C,IND,12/28/2018,00:00:00,REGULAR,1381211,1890404
N017,R331,00-00-01,155 ST,C,IND,12/28/2018,00:00:00,REGULAR,1381211,1890404
N017,R331,00-00-04,155 ST,C,IND,12/28/2018,00:00:00,REGULAR,5537712,1536358
N017,R331,00-00-04,155 ST,C,IND,12/28/2018,00:00:00,REGULAR,5537712,1536358
N017,R331,00-00-03,155 ST,C,IND,12/28/2018,00:00:00,REGULAR,4068496,2281447
N017,R331,00-00-03,155 ST,C,IND,12/28/2018,00:00:00,REGULAR,4068496,2281447
N017,R331,00-00-02,155 ST,C,IND,12/28/2018,00:00:00,REGULAR,2448192,2732474
N017,R331,00-00-02,155 ST,C,IND,12/28/2018,00:00:00,REGULAR,2448192,2732474
N017,R331,00-00-00,155 ST,C,IND,12/28/2018,00:00:00,REGULAR,2278835,5191485
N022,R332,02-06-00,135 ST,BC,IND,12/28/2018,00:00:00,REGULAR,68036922,16820587
N022,R332,02-06-01,135 ST,BC,IND,12/28/2018,00:00:00,REGULAR,3437566,383578
N022,R332,02-05-01,135 ST,BC,IND,12/28/2018,00:00:00,REGULAR,524288,11
N022,R332,02-06-00,135 ST,BC,IND,12/28/2018,00:00:00,REGULAR,68036922,16820587
N022,R332,02-06-01,135 ST,BC,IND,12/28/2018,00:00:00,REGULAR,3437566,383578
N022,R332,02-05-00,135 ST,BC,IND,12/28/2018,00:00:00,REGULAR,117440779,0
N022,R332,02-05-00,135 ST,BC,IND,12/28/2018,00:00:00,REGULAR,117440779,0
N022,R332,02-05-01,135 ST,BC,IND,12/28/2018,00:00:00,REGULAR,524288,11
N023,R332,01-00-01,135 ST,BC,IND,12/28/2018,00:00:00,REGULAR,148087,296331
N023,R332,01-06-00,135 ST,BC,IND,12/28/2018,00:00:00,REGULAR,692605,397180
N023,R332,01-00-00,135 ST,BC,IND,12/28/2018,00:00:00,REGULAR,2033615,2802146
N023,R332,01-00-00,135 ST,BC,IND,12/28/2018,00:00:00,REGULAR,2033615,2802146
N023,R332,01-06-00,135 ST,BC,IND,12/28/2018,00:00:00,REGULAR,692605,397180
N023,R332,01-00-01,135 ST,BC,IND,12/28/2018,00:00:00,REGULAR,148087,296331
N023,R332,01-00-02,135 ST,BC,IND,12/28/2018,00:00:00,REGULAR,1036908,3211513
N023,R332,01-00-02,135 ST,BC,IND,12/28/2018,00:00:00,REGULAR,1036908,3211513
N024,R332,00-00-00,135 ST,BC,IND,12/28/2018,00:00:00,REGULAR,2340046,4177992
N024,R332,00-00-00,135 ST,BC,IND,12/28/2018,00:00:00,REGULAR,2340046,4177992
N024,R332,00-00-02,135 ST,BC,IND,12/28/2018,00:00:00,REGULAR,6761266,1115171
N024,R332,00-00-02,135 ST,BC,IND,12/28/2018,00:00:00,REGULAR,6761266,1115171
N024,R332,00-00-01,135 ST,BC,IND,12/28/2018,00:00:00,REGULAR,4192610,1713755
N024,R332,00-00-01,135 ST,BC,IND,12/28/2018,00:00:00,REGULAR,4192610,1713755
N029,R333,01-00-01,116 ST,BC,IND,12/28/2018,00:00:00,REGULAR,185388912,218949888
N029,R333,01-00-00,116 ST,BC,IND,12/28/2018,00:00:00,REGULAR,168434869,168423674
N029,R333,01-00-02,116 ST,BC,IND,12/28/2018,00:00:00,REGULAR,1276344780,1625695321
N029,R333,01-00-02,116 ST,BC,IND,12/28/2018,00:00:00,REGULAR,1276344780,1625695321
N029,R333,01-00-00,116 ST,BC,IND,12/28/2018,00:00:00,REGULAR,168434869,168423674
N029,R333,01-00-01,116 ST,BC,IND,12/28/2018,00:00:00,REGULAR,185388912,218949888
N030,R333,00-00-00,116 ST,BC,IND,12/28/2018,00:00:00,REGULAR,9414464,10047004
N030,R333,00-00-02,116 ST,BC,IND,12/28/2018,00:00:00,REGULAR,1648604,375585
N030,R333,00-00-01,116 ST,BC,IND,12/28/2018,00:00:00,REGULAR,6151060,3052413
N030,R333,00-00-00,116 ST,BC,IND,12/28/2018,00:00:00,REGULAR,9414464,10047004
N030,R333,00-00-02,116 ST,BC,IND,12/28/2018,00:00:00,REGULAR,1648604,375585
N030,R333,00-00-01,116 ST,BC,IND,12/28/2018,00:00:00,REGULAR,6151060,3052413
N034,R334,01-00-00,CATHEDRAL PKWY,BC,IND,12/28/2018,00:00:00,REGULAR,2002713,987050
N034,R334,01-00-00,CATHEDRAL PKWY,BC,IND,12/28/2018,00:00:00,REGULAR,2002713,987050
N034,R334,01-00-02,CATHEDRAL PKWY,BC,IND,12/28/2018,00:00:00,REGULAR,67365364,134379895
N034,R334,01-00-02,CATHEDRAL PKWY,BC,IND,12/28/2018,00:00:00,REGULAR,67365364,134379895
N034,R334,01-00-01,CATHEDRAL PKWY,BC,IND,12/28/2018,00:00:00,REGULAR,4290562,1284883
N034,R334,01-00-01,CATHEDRAL PKWY,BC,IND,12/28/2018,00:00:00,REGULAR,4290562,1284883
N035,R334,00-00-03,CATHEDRAL PKWY,BC,IND,12/28/2018,00:00:00,REGULAR,53044,33939
N035,R334,00-00-02,CATHEDRAL PKWY,BC,IND,12/28/2018,00:00:00,REGULAR,45336,40148
N035,R334,00-00-00,CATHEDRAL PKWY,BC,IND,12/28/2018,00:00:00,REGULAR,13481835,8484455
N035,R334,00-00-01,CATHEDRAL PKWY,BC,IND,12/28/2018,00:00:00,REGULAR,3645018,3347143
N035,R334,00-00-02,CATHEDRAL PKWY,BC,IND,12/28/2018,00:00:00,REGULAR,45336,40148
N035,R334,00-00-03,CATHEDRAL PKWY,BC,IND,12/28/2018,00:00:00,REGULAR,53044,33939
N035,R334,00-00-01,CATHEDRAL PKWY,BC,IND,12/28/2018,00:00:00,REGULAR,3645018,3347143
N035,R334,00-00-00,CATHEDRAL PKWY,BC,IND,12/28/2018,00:00:00,REGULAR,13481835,8484455
N037,R314,00-00-01,103 ST,BC,IND,12/28/2018,00:00:00,REGULAR,10576401,5871166
N037,R314,00-00-01,103 ST,BC,IND,12/28/2018,00:00:00,REGULAR,10576401,5871166
N037,R314,00-00-02,103 ST,BC,IND,12/28/2018,00:00:00,REGULAR,4887898,8280683
N037,R314,00-00-00,103 ST,BC,IND,12/28/2018,00:00:00,REGULAR,13854684,11184033
N037,R314,00-00-00,103 ST,BC,IND,12/28/2018,00:00:00,REGULAR,13854684,11184033
N037,R314,00-00-02,103 ST,BC,IND,12/28/2018,00:00:00,REGULAR,4887898,8280683
N044,R187,00-00-01,81 ST-MUSEUM,BC,IND,12/28/2018,00:00:00,REGULAR,16818243,3233028
N044,R187,00-03-02,81 ST-MUSEUM,BC,IND,12/28/2018,00:00:00,REGULAR,3845917,5999165
N044,R187,00-03-02,81 ST-MUSEUM,BC,IND,12/28/2018,00:00:00,REGULAR,3845917,5999165
N044,R187,00-03-00,81 ST-MUSEUM,BC,IND,12/28/2018,00:00:00,REGULAR,8616231,13676054
N044,R187,00-00-00,81 ST-MUSEUM,BC,IND,12/28/2018,00:00:00,REGULAR,7546591,2053199
N044,R187,00-03-01,81 ST-MUSEUM,BC,IND,12/28/2018,00:00:00,REGULAR,37932,67474
N044,R187,00-03-01,81 ST-MUSEUM,BC,IND,12/28/2018,00:00:00,REGULAR,37932,67474
N044,R187,00-00-00,81 ST-MUSEUM,BC,IND,12/28/2018,00:00:00,REGULAR,7546591,2053199
N044,R187,00-03-00,81 ST-MUSEUM,BC,IND,12/28/2018,00:00:00,REGULAR,8616231,13676054
N044,R187,00-00-01,81 ST-MUSEUM,BC,IND,12/28/2018,00:00:00,REGULAR,16818243,3233028
N045,R187,01-00-02,81 ST-MUSEUM,BC,IND,12/28/2018,00:00:00,REGULAR,4132847,946047
N045,R187,01-06-01,81 ST-MUSEUM,BC,IND,12/28/2018,00:00:00,REGULAR,2108851,346035
N045,R187,01-06-00,81 ST-MUSEUM,BC,IND,12/28/2018,00:00:00,REGULAR,2190417,6738071
N045,R187,01-00-00,81 ST-MUSEUM,BC,IND,12/28/2018,00:00:00,REGULAR,5104566,6537947
N045,R187,01-00-00,81 ST-MUSEUM,BC,IND,12/28/2018,00:00:00,REGULAR,5104566,6537947
N045,R187,01-00-02,81 ST-MUSEUM,BC,IND,12/28/2018,00:00:00,REGULAR,4132847,946047
N045,R187,01-06-01,81 ST-MUSEUM,BC,IND,12/28/2018,00:00:00,REGULAR,2108851,346035
N045,R187,01-06-00,81 ST-MUSEUM,BC,IND,12/28/2018,00:00:00,REGULAR,2190417,6738071
N045,R187,01-00-01,81 ST-MUSEUM,BC,IND,12/28/2018,00:00:00,REGULAR,5466159,2339128
N045,R187,01-00-01,81 ST-MUSEUM,BC,IND,12/28/2018,00:00:00,REGULAR,5466159,2339128
N078,R175,01-06-00,14 ST,ACEL,IND,12/28/2018,00:00:00,REGULAR,3580967,1746003
N078,R175,01-00-01,14 ST,ACEL,IND,12/28/2018,00:00:00,REGULAR,1013282,1707029
N078,R175,01-00-00,14 ST,ACEL,IND,12/28/2018,00:00:00,REGULAR,6244831,8080590
N078,R175,01-06-03,14 ST,ACEL,IND,12/28/2018,00:00:00,REGULAR,122808409,1552199
N078,R175,01-06-02,14 ST,ACEL,IND,12/28/2018,00:00:00,REGULAR,102202213,1244434
N078,R175,01-06-00,14 ST,ACEL,IND,12/28/2018,00:00:00,REGULAR,3580967,1746003
N078,R175,01-03-00,14 ST,ACEL,IND,12/28/2018,00:00:00,REGULAR,2129553321,1156053797
N078,R175,01-06-02,14 ST,ACEL,IND,12/28/2018,00:00:00,REGULAR,102202213,1244434
N078,R175,01-03-02,14 ST,ACEL,IND,12/28/2018,00:00:00,REGULAR,6860896,3763056
N078,R175,01-03-01,14 ST,ACEL,IND,12/28/2018,00:00:00,REGULAR,13021391,15292134
N078,R175,01-00-02,14 ST,ACEL,IND,12/28/2018,00:00:00,REGULAR,8049944,10032498
N078,R175,01-00-00,14 ST,ACEL,IND,12/28/2018,00:00:00,REGULAR,6244831,8080590
N078,R175,01-06-01,14 ST,ACEL,IND,12/28/2018,00:00:00,REGULAR,1636083,1898921
N078,R175,01-00-02,14 ST,ACEL,IND,12/28/2018,00:00:00,REGULAR,8049944,10032498
N078,R175,01-03-01,14 ST,ACEL,IND,12/28/2018,00:00:00,REGULAR,13021391,15292134
N078,R175,01-03-00,14 ST,ACEL,IND,12/28/2018,00:00:00,REGULAR,2129553321,1156053797
N078,R175,01-06-03,14 ST,ACEL,IND,12/28/2018,00:00:00,REGULAR,122808409,1552199
N078,R175,01-03-02,14 ST,ACEL,IND,12/28/2018,00:00:00,REGULAR,6860896,3763056
N078,R175,01-00-01,14 ST,ACEL,IND,12/28/2018,00:00:00,REGULAR,1013282,1707029
N078,R175,01-06-01,14 ST,ACEL,IND,12/28/2018,00:00:00,REGULAR,1636083,1898921
N080,R138,00-00-01,W 4 ST-WASH SQ,ABCDEFM,IND,12/28/2018,00:00:00,REGULAR,16925240,10713008
N080,R138,00-03-01,W 4 ST-WASH SQ,ABCDEFM,IND,12/28/2018,00:00:00,REGULAR,1432503,75885
N080,R138,00-00-02,W 4 ST-WASH SQ,ABCDEFM,IND,12/28/2018,00:00:00,REGULAR,2362585,699891
N080,R138,00-00-01,W 4 ST-WASH SQ,ABCDEFM,IND,12/28/2018,00:00:00,REGULAR,16925240,10713008
N080,R138,00-03-00,W 4 ST-WASH SQ,ABCDEFM,IND,12/28/2018,00:00:00,REGULAR,7790453,655462
N080,R138,00-06-01,W 4 ST-WASH SQ,ABCDEFM,IND,12/28/2018,00:00:00,REGULAR,1017974,991595
N080,R138,00-06-01,W 4 ST-WASH SQ,ABCDEFM,IND,12/28/2018,00:00:00,REGULAR,1017974,991595
N080,R138,00-03-00,W 4 ST-WASH SQ,ABCDEFM,IND,12/28/2018,00:00:00,REGULAR,7790453,655462
N080,R138,00-00-00,W 4 ST-WASH SQ,ABCDEFM,IND,12/28/2018,00:00:00,REGULAR,1560878,4292959
N080,R138,00-00-02,W 4 ST-WASH SQ,ABCDEFM,IND,12/28/2018,00:00:00,REGULAR,2362585,699891
N080,R138,00-03-01,W 4 ST-WASH SQ,ABCDEFM,IND,12/28/2018,00:00:00,REGULAR,1432503,75885
N080,R138,00-00-00,W 4 ST-WASH SQ,ABCDEFM,IND,12/28/2018,00:00:00,REGULAR,1560878,4292959
N080,R138,00-06-00,W 4 ST-WASH SQ,ABCDEFM,IND,12/28/2018,00:00:00,REGULAR,8248982,12071813
N080,R138,00-06-00,W 4 ST-WASH SQ,ABCDEFM,IND,12/28/2018,00:00:00,REGULAR,8248982,12071813
N083,R138,01-02-00,W 4 ST-WASH SQ,ABCDEFM,IND,12/28/2018,00:00:00,REGULAR,252928,326218
N083,R138,01-05-00,W 4 ST-WASH SQ,ABCDEFM,IND,12/28/2018,00:00:00,REGULAR,197137,0
N083,R138,01-06-00,W 4 ST-WASH SQ,ABCDEFM,IND,12/28/2018,00:00:00,REGULAR,11987829,13189620
N083,R138,01-02-00,W 4 ST-WASH SQ,ABCDEFM,IND,12/28/2018,00:00:00,REGULAR,252928,326218
N083,R138,01-03-00,W 4 ST-WASH SQ,ABCDEFM,IND,12/28/2018,00:00:00,REGULAR,13352507,11678075
N083,R138,01-00-01,W 4 ST-WASH SQ,ABCDEFM,IND,12/28/2018,00:00:00,REGULAR,5131123,15288975
N083,R138,01-05-00,W 4 ST-WASH SQ,ABCDEFM,IND,12/28/2018,00:00:00,REGULAR,197137,0
N083,R138,01-03-01,W 4 ST-WASH SQ,ABCDEFM,IND,12/28/2018,00:00:00,REGULAR,661338,458771
N083,R138,01-02-01,W 4 ST-WASH SQ,ABCDEFM,IND,12/28/2018,00:00:00,REGULAR,1303858,829406
N083,R138,01-03-02,W 4 ST-WASH SQ,ABCDEFM,IND,12/28/2018,00:00:00,REGULAR,21437993,10544869
N083,R138,01-03-01,W 4 ST-WASH SQ,ABCDEFM,IND,12/28/2018,00:00:00,REGULAR,661338,458771
N083,R138,01-00-00,W 4 ST-WASH SQ,ABCDEFM,IND,12/28/2018,00:00:00,REGULAR,8216635,23661544
N083,R138,01-06-01,W 4 ST-WASH SQ,ABCDEFM,IND,12/28/2018,00:00:00,REGULAR,20792203,5731823
N083,R138,01-02-01,W 4 ST-WASH SQ,ABCDEFM,IND,12/28/2018,00:00:00,REGULAR,1303858,829406
N083,R138,01-00-01,W 4 ST-WASH SQ,ABCDEFM,IND,12/28/2018,00:00:00,REGULAR,5131123,15288975
N083,R138,01-03-00,W 4 ST-WASH SQ,ABCDEFM,IND,12/28/2018,00:00:00,REGULAR,13352507,11678075
N083,R138,01-05-01,W 4 ST-WASH SQ,ABCDEFM,IND,12/28/2018,00:00:00,REGULAR,117440512,302
N083,R138,01-06-01,W 4 ST-WASH SQ,ABCDEFM,IND,12/28/2018,00:00:00,REGULAR,20792203,5731823
N083,R138,01-03-02,W 4 ST-WASH SQ,ABCDEFM,IND,12/28/2018,00:00:00,REGULAR,21437993,10544869
N083,R138,01-02-02,W 4 ST-WASH SQ,ABCDEFM,IND,12/28/2018,00:00:00,REGULAR,541934,216303
N083,R138,01-00-00,W 4 ST-WASH SQ,ABCDEFM,IND,12/28/2018,00:00:00,REGULAR,8216635,23661544
N083,R138,01-05-01,W 4 ST-WASH SQ,ABCDEFM,IND,12/28/2018,00:00:00,REGULAR,117440512,302
N083,R138,01-02-02,W 4 ST-WASH SQ,ABCDEFM,IND,12/28/2018,00:00:00,REGULAR,541934,216303
N083,R138,01-06-00,W 4 ST-WASH SQ,ABCDEFM,IND,12/28/2018,00:00:00,REGULAR,11987829,13189620
N095,R014,00-03-04,FULTON ST,ACJZ2345,IND,12/28/2018,00:00:00,REGULAR,4616586,781830
N095,R014,00-05-00,FULTON ST,ACJZ2345,IND,12/28/2018,00:00:00,REGULAR,13983,0
N095,R014,00-03-07,FULTON ST,ACJZ2345,IND,12/28/2018,00:00:00,REGULAR,1175651,743821
N095,R014,00-03-08,FULTON ST,ACJZ2345,IND,12/28/2018,00:00:00,REGULAR,691219,1361869
N095,R014,00-05-01,FULTON ST,ACJZ2345,IND,12/28/2018,00:00:00,REGULAR,12,525
N095,R014,00-03-05,FULTON ST,ACJZ2345,IND,12/28/2018,00:00:00,REGULAR,4023356,707066
N095,R014,00-05-00,FULTON ST,ACJZ2345,IND,12/28/2018,00:00:00,REGULAR,13983,0
N095,R014,00-03-07,FULTON ST,ACJZ2345,IND,12/28/2018,00:00:00,REGULAR,1175651,743821
N095,R014,00-03-05,FULTON ST,ACJZ2345,IND,12/28/2018,00:00:00,REGULAR,4023356,707066
N095,R014,00-03-01,FULTON ST,ACJZ2345,IND,12/28/2018,00:00:00,REGULAR,6478967,6232628
N095,R014,00-03-01,FULTON ST,ACJZ2345,IND,12/28/2018,00:00:00,REGULAR,6478967,6232628
N095,R014,00-03-06,FULTON ST,ACJZ2345,IND,12/28/2018,00:00:00,REGULAR,3569679,1109630
N095,R014,00-03-02,FULTON ST,ACJZ2345,IND,12/28/2018,00:00:00,REGULAR,5135697,925069
N095,R014,00-03-03,FULTON ST,ACJZ2345,IND,12/28/2018,00:00:00,REGULAR,4511395,456226
N095,R014,00-03-08,FULTON ST,ACJZ2345,IND,12/28/2018,00:00:00,REGULAR,691219,1361869
N095,R014,00-03-02,FULTON ST,ACJZ2345,IND,12/28/2018,00:00:00,REGULAR,5135697,925069
N095,R014,00-03-03,FULTON ST,ACJZ2345,IND,12/28/2018,00:00:00,REGULAR,4511395,456226
N095,R014,00-05-01,FULTON ST,ACJZ2345,IND,12/28/2018,00:00:00,REGULAR,12,525
N095,R014,00-03-06,FULTON ST,ACJZ2345,IND,12/28/2018,00:00:00,REGULAR,3569679,1109630
N095,R014,00-03-04,FULTON ST,ACJZ2345,IND,12/28/2018,00:00:00,REGULAR,4616586,781830
N095,R014,00-03-00,FULTON ST,ACJZ2345,IND,12/28/2018,00:00:00,REGULAR,3399684,1908002
N095,R014,00-03-00,FULTON ST,ACJZ2345,IND,12/28/2018,00:00:00,REGULAR,3399684,1908002
N095A,R014,01-03-01,FULTON ST,2345ACJZ,IND,12/28/2018,00:00:00,REGULAR,1250460,295257
N095A,R014,01-05-01,FULTON ST,2345ACJZ,IND,12/28/2018,00:00:00,REGULAR,2,406
N095A,R014,01-00-04,FULTON ST,2345ACJZ,IND,12/28/2018,00:00:00,REGULAR,1751217,518315
N095A,R014,01-03-01,FULTON ST,2345ACJZ,IND,12/28/2018,00:00:00,REGULAR,1250460,295257
N095A,R014,01-00-02,FULTON ST,2345ACJZ,IND,12/28/2018,00:00:00,REGULAR,7834451,2059758
